dataset,example_app_name,example_app_sha256,example_inner_path,library,so_name,so_sha256,abi,base_arch,task_architecture,project,library_version,feature,dolphin_feature_state,occurrence_count,apk_count,bench_binary,unique_binary,source_stored_so,result_json,gpt55_log,trajectory_dir,evidence
android,fr.emersion.goguma.apk,18b51b12a99ca639df7009cfb9943dca3662ba918c2f045422c9919837417c00,lib/arm64-v8a/libwebcrypto.so,libcrypto,libwebcrypto.so,01e6fc831c18d886df093fc118eb73d74822b3ff4c038fd4ca0f378b2157fa85,arm64-v8a,arm64,arm64-0002-01e6fc831c18,openssl,1.0.1g,asm,on,1,1,bench/bin/openssl-1.0.1g/asm/stripped/on/android_libcrypto_0002_01e6fc831c18_gcc_O2_arm64-0002-01e6fc831c18,unique-binaries/libcrypto/01e6fc831c18d886df093fc118eb73d74822b3ff4c038fd4ca0f378b2157fa85/libwebcrypto.so,libs/libcrypto/01e6fc831c18d886df093fc118eb73d74822b3ff4c038fd4ca0f378b2157fa85/libwebcrypto.so,stage2/cp/gpt55/version_same/openssl-1.0.1g/asm/openssl-1.0.1g__asm__stripped__on__gcc__O2__arm64-0002-01e6fc831c18__ref__openssl-1.0.1g__version_same.json,logs/stage2/gpt55/version_same/openssl-1.0.1g/asm/openssl-1.0.1g__asm__stripped__on__gcc__O2__arm64-0002-01e6fc831c18__ref__openssl-1.0.1g__version_same.log,trajectories/gpt55/version_same/openssl-1.0.1g/asm/openssl-1.0.1g__asm__stripped__on__gcc__O2__arm64-0002-01e6fc831c18__ref__openssl-1.0.1g__version_same,"Fast path was unavailable, but the prioritized decompiled path contains ARM64/NEON-specific optimized bigint handling: sub_38D3C scans BIGNUM limbs using int8x16_t vectors and vorrq_s8/vextq_s8/vorr_s8 operations instead of purely scalar portable loops. The path also lacks the checked portable no-asm bn_sub_part_words diagnostic strings."
android,cz.slaby.dpc.apk,b709aec0205ea57fe1e3d1e5796e44c597a81e958004fa4ac43be8c2bc4f3c9f,lib/arm64-v8a/libcrypto.so,libcrypto,libcrypto.so,08f9414dfdb2a66d1962b5c730e107589e81ccf71e57baacab0da0973ee1600e,arm64-v8a,arm64,arm64-0007-08f9414dfdb2,openssl,1.0.1g,asm,on,1,1,bench/bin/openssl-1.0.1g/asm/stripped/on/android_libcrypto_0007_08f9414dfdb2_gcc_O2_arm64-0007-08f9414dfdb2,unique-binaries/libcrypto/08f9414dfdb2a66d1962b5c730e107589e81ccf71e57baacab0da0973ee1600e/libcrypto.so,libs/libcrypto/08f9414dfdb2a66d1962b5c730e107589e81ccf71e57baacab0da0973ee1600e/libcrypto.so,stage2/cp/gpt55/version_same/openssl-1.0.1g/asm/openssl-1.0.1g__asm__stripped__on__gcc__O2__arm64-0007-08f9414dfdb2__ref__openssl-1.0.1g__version_same.json,logs/stage2/gpt55/version_same/openssl-1.0.1g/asm/openssl-1.0.1g__asm__stripped__on__gcc__O2__arm64-0007-08f9414dfdb2__ref__openssl-1.0.1g__version_same.log,trajectories/gpt55/version_same/openssl-1.0.1g/asm/openssl-1.0.1g__asm__stripped__on__gcc__O2__arm64-0007-08f9414dfdb2__ref__openssl-1.0.1g__version_same,"Decompiled bn_mul_mont contains architecture-specific dispatch: for limb counts divisible by 4 it checks OPENSSL_armv8_rsa_neonized and calls bn_mul8x_mont_neon(), otherwise dispatches to _bn_sqr8x_mont() for multiples of 8 and _bn_mul4x_mont() for multiples of 4 before falling back to generic Montgomery multiply code."
android,org.adaway.apk,0de00a58a0dbb4c4b6befc9fe1f5e53800993484baab955824798f46fbf3338e,lib/arm64-v8a/libcrypto.so,libcrypto,libcrypto.so,13593ad654a00866f14a95c7bd07d6cb898c132817f92fd91adf6eb218842831,arm64-v8a,arm64,arm64-0012-13593ad654a0,openssl,1.0.1g,asm,on,1,1,bench/bin/openssl-1.0.1g/asm/stripped/on/android_libcrypto_0012_13593ad654a0_gcc_O2_arm64-0012-13593ad654a0,unique-binaries/libcrypto/13593ad654a00866f14a95c7bd07d6cb898c132817f92fd91adf6eb218842831/libcrypto.so,libs/libcrypto/13593ad654a00866f14a95c7bd07d6cb898c132817f92fd91adf6eb218842831/libcrypto.so,stage2/cp/gpt55/version_same/openssl-1.0.1g/asm/openssl-1.0.1g__asm__stripped__on__gcc__O2__arm64-0012-13593ad654a0__ref__openssl-1.0.1g__version_same.json,logs/stage2/gpt55/version_same/openssl-1.0.1g/asm/openssl-1.0.1g__asm__stripped__on__gcc__O2__arm64-0012-13593ad654a0__ref__openssl-1.0.1g__version_same.log,trajectories/gpt55/version_same/openssl-1.0.1g/asm/openssl-1.0.1g__asm__stripped__on__gcc__O2__arm64-0012-13593ad654a0__ref__openssl-1.0.1g__version_same,"Fast path unavailable, but prioritized decompiled path shows asm-style OpenSSL BN fast paths: BN_mod_exp_mont_consttime builds a constant-time Montgomery power table, repeatedly calls specialized Montgomery multiply helper sub_137A40 and table selection helper sub_13013C, and contains vectorized/NEON-like operations (int8x16_t/vmvnq_s8) while preparing Montgomery data. BN_mod_mul_montgomery is a thin wrapper around sub_137A40, and a later unlabelled function is a highly unrolled limb multiply/Montgomery arithmetic routine using 64x64->128 products and explicit carry propagation."
android,com.governikus.ausweisapp2.apk,b2e4e4f50520912a40b110cf38f6e6b0757cbeb50e22d9d065b2068763435fe2,lib/arm64-v8a/libcrypto_arm64-v8a.so,libcrypto,libcrypto_arm64-v8a.so,158ec771bc4e8fa0ba22bfbb794d34723f5cf35a353e26bbf28839debcce161a,arm64-v8a,arm64,arm64-0015-158ec771bc4e,openssl,1.0.1g,asm,off,1,1,bench/bin/openssl-1.0.1g/asm/stripped/on/android_libcrypto_0015_158ec771bc4e_gcc_O2_arm64-0015-158ec771bc4e,unique-binaries/libcrypto/158ec771bc4e8fa0ba22bfbb794d34723f5cf35a353e26bbf28839debcce161a/libcrypto_arm64-v8a.so,libs/libcrypto/158ec771bc4e8fa0ba22bfbb794d34723f5cf35a353e26bbf28839debcce161a/libcrypto_arm64-v8a.so,stage2/cp/gpt55/version_same/openssl-1.0.1g/asm/openssl-1.0.1g__asm__stripped__on__gcc__O2__arm64-0015-158ec771bc4e__ref__openssl-1.0.1g__version_same.json,logs/stage2/gpt55/version_same/openssl-1.0.1g/asm/openssl-1.0.1g__asm__stripped__on__gcc__O2__arm64-0015-158ec771bc4e__ref__openssl-1.0.1g__version_same.log,trajectories/gpt55/version_same/openssl-1.0.1g/asm/openssl-1.0.1g__asm__stripped__on__gcc__O2__arm64-0015-158ec771bc4e__ref__openssl-1.0.1g__version_same,"Fast-path unique strings were unavailable. Decompiled prioritized path showed only generic Montgomery setup, a thin BN_mod_exp_mont_consttime wrapper calling another routine then cleanup, generic malloc/X509 helpers, and a stub function returning 0; no observed CPU capability initialization, assembler dispatch, or BN asm helper calls such as gather5/scatter5 or bn_div_3_words."
android,org.lufebe16.pysolfc.apk,896686a3b1d29c5b49bb3aa4f057591eb1d264ca4a8b09c10f5350fd29a3cb8c,lib/arm64-v8a/libcrypto.so,libcrypto,libcrypto.so,199ed8560e7e2def2a562ff7300979e1032b68c5a45057a55bd9f3c34caecc1f,arm64-v8a,arm64,arm64-0016-199ed8560e7e,openssl,1.0.1g,asm,off,1,1,bench/bin/openssl-1.0.1g/asm/stripped/on/android_libcrypto_0016_199ed8560e7e_gcc_O2_arm64-0016-199ed8560e7e,unique-binaries/libcrypto/199ed8560e7e2def2a562ff7300979e1032b68c5a45057a55bd9f3c34caecc1f/libcrypto.so,libs/libcrypto/199ed8560e7e2def2a562ff7300979e1032b68c5a45057a55bd9f3c34caecc1f/libcrypto.so,stage2/cp/gpt55/version_same/openssl-1.0.1g/asm/openssl-1.0.1g__asm__stripped__on__gcc__O2__arm64-0016-199ed8560e7e__ref__openssl-1.0.1g__version_same.json,logs/stage2/gpt55/version_same/openssl-1.0.1g/asm/openssl-1.0.1g__asm__stripped__on__gcc__O2__arm64-0016-199ed8560e7e__ref__openssl-1.0.1g__version_same.log,trajectories/gpt55/version_same/openssl-1.0.1g/asm/openssl-1.0.1g__asm__stripped__on__gcc__O2__arm64-0016-199ed8560e7e__ref__openssl-1.0.1g__version_same,"Fast-path unique strings were unavailable; prioritized decompiled path showed portable C big-number code only: BN_div is a generic wrapper delegating to a C division implementation, BN_MONT_CTX_set computes Montgomery parameters via BN_mod_inverse/BN_div, and no observed window contained the expected asm fast-path calls such as bn_div_3_words or BN_ASM_MONT5 gather/scatter helpers."
android,de.srlabs.snoopsnitch.apk,b30615c1cce441b16c23a18cc7d9b5f440f7de8d3e02892fedbc607547bc4d1c,lib/arm64-v8a/libopenssl.so,libcrypto,libopenssl.so,1debccdb86e5e00be5f7f6794391856aa3a030886861db14d249daa77f7ef3f4,arm64-v8a,arm64,arm64-0017-1debccdb86e5,openssl,1.0.1g,asm,off,1,1,bench/bin/openssl-1.0.1g/asm/stripped/on/android_libcrypto_0017_1debccdb86e5_gcc_O2_arm64-0017-1debccdb86e5,unique-binaries/libcrypto/1debccdb86e5e00be5f7f6794391856aa3a030886861db14d249daa77f7ef3f4/libopenssl.so,libs/libcrypto/1debccdb86e5e00be5f7f6794391856aa3a030886861db14d249daa77f7ef3f4/libopenssl.so,stage2/cp/gpt55/version_same/openssl-1.0.1g/asm/openssl-1.0.1g__asm__stripped__on__gcc__O2__arm64-0017-1debccdb86e5__ref__openssl-1.0.1g__version_same.json,logs/stage2/gpt55/version_same/openssl-1.0.1g/asm/openssl-1.0.1g__asm__stripped__on__gcc__O2__arm64-0017-1debccdb86e5__ref__openssl-1.0.1g__version_same.log,trajectories/gpt55/version_same/openssl-1.0.1g/asm/openssl-1.0.1g__asm__stripped__on__gcc__O2__arm64-0017-1debccdb86e5__ref__openssl-1.0.1g__version_same,"Fast path unavailable; prioritized decompiled path was exhausted without observing ASM feature semantics. Examined functions included generic app startup/main, structure copying, TLS extension handling, byte serialization, allocation helpers, and bignum word comparison; none showed OpenSSL CPUID setup, OPENSSL_ia32cap parsing/storage, BN_div bn_div_3_words calls, or BN_mod_exp_mont_consttime gather5/scatter5 Montgomery dispatch."
android,org.radar.app.apk,10720dd3bff862737f7270700fe07981f9770c0015343d5fb0e0ca94439fe87f,lib/arm64-v8a/libcrypto_1_1.so,libcrypto,libcrypto_1_1.so,20cb2cdb79844e2064de4884d493bf4efc008d84f37626552842a1ca4d9b4fa5,arm64-v8a,arm64,arm64-0021-20cb2cdb7984,openssl,1.0.1g,asm,off,1,1,bench/bin/openssl-1.0.1g/asm/stripped/on/android_libcrypto_0021_20cb2cdb7984_gcc_O2_arm64-0021-20cb2cdb7984,unique-binaries/libcrypto/20cb2cdb79844e2064de4884d493bf4efc008d84f37626552842a1ca4d9b4fa5/libcrypto_1_1.so,libs/libcrypto/20cb2cdb79844e2064de4884d493bf4efc008d84f37626552842a1ca4d9b4fa5/libcrypto_1_1.so,stage2/cp/gpt55/version_same/openssl-1.0.1g/asm/openssl-1.0.1g__asm__stripped__on__gcc__O2__arm64-0021-20cb2cdb7984__ref__openssl-1.0.1g__version_same.json,logs/stage2/gpt55/version_same/openssl-1.0.1g/asm/openssl-1.0.1g__asm__stripped__on__gcc__O2__arm64-0021-20cb2cdb7984__ref__openssl-1.0.1g__version_same.log,trajectories/gpt55/version_same/openssl-1.0.1g/asm/openssl-1.0.1g__asm__stripped__on__gcc__O2__arm64-0021-20cb2cdb7984__ref__openssl-1.0.1g__version_same,Fast path unavailable; prioritized decompiled path did not show asm-specific semantics. BN_div only validates inputs then delegates to a generic subroutine and performs cleanup; no visible bn_div_3_words assembler-helper call. BN_MONT_CTX_set uses portable BN arithmetic/BN_div setup logic and no Montgomery gather5/scatter5 fast path or CPUID dispatch was observed.
android,com.poppingmoon.aria.apk,eaf1edd8856442cb7a763c4cdba304a50f365fa0917edf8644d2c805f56bd303,lib/arm64-v8a/libwebcrypto.so,libcrypto,libwebcrypto.so,2e947ea36634bb19e177143a940c7e10d6be65b5b59ee2fca5aa91f1b13a5387,arm64-v8a,arm64,arm64-0024-2e947ea36634,openssl,1.0.1g,asm,on,1,1,bench/bin/openssl-1.0.1g/asm/stripped/on/android_libcrypto_0024_2e947ea36634_gcc_O2_arm64-0024-2e947ea36634,unique-binaries/libcrypto/2e947ea36634bb19e177143a940c7e10d6be65b5b59ee2fca5aa91f1b13a5387/libwebcrypto.so,libs/libcrypto/2e947ea36634bb19e177143a940c7e10d6be65b5b59ee2fca5aa91f1b13a5387/libwebcrypto.so,stage2/cp/gpt55/version_same/openssl-1.0.1g/asm/openssl-1.0.1g__asm__stripped__on__gcc__O2__arm64-0024-2e947ea36634__ref__openssl-1.0.1g__version_same.json,logs/stage2/gpt55/version_same/openssl-1.0.1g/asm/openssl-1.0.1g__asm__stripped__on__gcc__O2__arm64-0024-2e947ea36634__ref__openssl-1.0.1g__version_same.log,trajectories/gpt55/version_same/openssl-1.0.1g/asm/openssl-1.0.1g__asm__stripped__on__gcc__O2__arm64-0024-2e947ea36634__ref__openssl-1.0.1g__version_same,"Fallback decompiled path contains platform-specific AArch64/NEON SIMD code in crypto routines: sub_54AF4 uses int8x16_t vector operations (vorrq_s8/vextq_s8) while processing RSA-related data from crypto/fipsmodule/rsa/rsa_impl.c, and sub_5CC10 returns a value built with NEON veorq_s8/vdupq_laneq_s32 operations."
android,com.gitlab.uak.mobile_paper_wallet.apk,8d6bc5f5076bdd0246938756b86126cdc7701f2468043b5210d4c7ea08460b58,lib/arm64-v8a/libcrypto1.1.so,libcrypto,libcrypto1.1.so,3564bc771a085af905a9f8a79b9bff240eb413ea9465930c2ad96893235f2998,arm64-v8a,arm64,arm64-0026-3564bc771a08,openssl,1.0.1g,asm,off,1,1,bench/bin/openssl-1.0.1g/asm/stripped/on/android_libcrypto_0026_3564bc771a08_gcc_O2_arm64-0026-3564bc771a08,unique-binaries/libcrypto/3564bc771a085af905a9f8a79b9bff240eb413ea9465930c2ad96893235f2998/libcrypto1.1.so,libs/libcrypto/3564bc771a085af905a9f8a79b9bff240eb413ea9465930c2ad96893235f2998/libcrypto1.1.so,stage2/cp/gpt55/version_same/openssl-1.0.1g/asm/openssl-1.0.1g__asm__stripped__on__gcc__O2__arm64-0026-3564bc771a08__ref__openssl-1.0.1g__version_same.json,logs/stage2/gpt55/version_same/openssl-1.0.1g/asm/openssl-1.0.1g__asm__stripped__on__gcc__O2__arm64-0026-3564bc771a08__ref__openssl-1.0.1g__version_same.log,trajectories/gpt55/version_same/openssl-1.0.1g/asm/openssl-1.0.1g__asm__stripped__on__gcc__O2__arm64-0026-3564bc771a08__ref__openssl-1.0.1g__version_same,"Fast-path unique strings were unavailable. In the prioritized decompiled path, BN_div only validates divisor state then delegates to sub_15B2AC; no visible call to the asm quotient helper bn_div_3_words or related CPU/assembler dispatch was observed. BN_MONT_CTX_set uses generic BN_div calls and no Montgomery gather5/scatter5 fast path appeared before path exhaustion."
android,org.lufebe16.freecell.apk,7b62bb049edd4edf66ea3bd21c3d7af9beb811b94ce5e63167272637bb867527,lib/arm64-v8a/libcrypto1.1.so,libcrypto,libcrypto1.1.so,37f9d30da7841d38a7d1e8f4eb559e37b81eb791db9e1d78db63c02a218d2b7d,arm64-v8a,arm64,arm64-0028-37f9d30da784,openssl,1.0.1g,asm,on,1,1,bench/bin/openssl-1.0.1g/asm/stripped/on/android_libcrypto_0028_37f9d30da784_gcc_O2_arm64-0028-37f9d30da784,unique-binaries/libcrypto/37f9d30da7841d38a7d1e8f4eb559e37b81eb791db9e1d78db63c02a218d2b7d/libcrypto1.1.so,libs/libcrypto/37f9d30da7841d38a7d1e8f4eb559e37b81eb791db9e1d78db63c02a218d2b7d/libcrypto1.1.so,stage2/cp/gpt55/version_same/openssl-1.0.1g/asm/openssl-1.0.1g__asm__stripped__on__gcc__O2__arm64-0028-37f9d30da784__ref__openssl-1.0.1g__version_same.json,logs/stage2/gpt55/version_same/openssl-1.0.1g/asm/openssl-1.0.1g__asm__stripped__on__gcc__O2__arm64-0028-37f9d30da784__ref__openssl-1.0.1g__version_same.log,trajectories/gpt55/version_same/openssl-1.0.1g/asm/openssl-1.0.1g__asm__stripped__on__gcc__O2__arm64-0028-37f9d30da784__ref__openssl-1.0.1g__version_same,"Fallback decompiled path shows BN_mod_exp_mont_consttime computing a window size, allocating an aligned power table, then using table helper calls sub_15D598 to store/scatter entries and sub_15D760 to load/gather entries during constant-time Montgomery exponentiation; this includes the specialized table-based fast path corresponding to OpenSSL BN asm Montgomery support."
android,net.aliasvault.app.apk,86c1a9169460f4f48a50425b6f2b1fb087f3ab1887f68e9754058d79a86e1831,lib/arm64-v8a/libreactnativequickcrypto.so,libcrypto,libreactnativequickcrypto.so,3a04996d6eabd2cb22aa0405e9ebaad898fb04f20340ca46a2149b571d6394a4,arm64-v8a,arm64,arm64-0029-3a04996d6eab,openssl,1.0.1g,asm,off,1,1,bench/bin/openssl-1.0.1g/asm/stripped/on/android_libcrypto_0029_3a04996d6eab_gcc_O2_arm64-0029-3a04996d6eab,unique-binaries/libcrypto/3a04996d6eabd2cb22aa0405e9ebaad898fb04f20340ca46a2149b571d6394a4/libreactnativequickcrypto.so,libs/libcrypto/3a04996d6eabd2cb22aa0405e9ebaad898fb04f20340ca46a2149b571d6394a4/libreactnativequickcrypto.so,stage2/cp/gpt55/version_same/openssl-1.0.1g/asm/openssl-1.0.1g__asm__stripped__on__gcc__O2__arm64-0029-3a04996d6eab__ref__openssl-1.0.1g__version_same.json,logs/stage2/gpt55/version_same/openssl-1.0.1g/asm/openssl-1.0.1g__asm__stripped__on__gcc__O2__arm64-0029-3a04996d6eab__ref__openssl-1.0.1g__version_same.log,trajectories/gpt55/version_same/openssl-1.0.1g/asm/openssl-1.0.1g__asm__stripped__on__gcc__O2__arm64-0029-3a04996d6eab__ref__openssl-1.0.1g__version_same,"Fast path unavailable; prioritized decompiled path was exhausted without observing any asm-specific OpenSSL semantics. Windows contained unrelated TLS/status-reg stubs, C++ destructors/constructors, typed-array move logic, and a public-key serialization wrapper calling EVP/RSA BIO routines, with no OPENSSL_cpuid_setup behavior, no BN_mod_exp_mont_consttime gather5/scatter5 path, and no BN_div bn_div_3_words fast path."
android,org.wesnoth.Wesnoth.apk,3b674235b93415507f365d768be4bc6b5b92e7b875669b6c974d1963e8088003,lib/arm64-v8a/libcrypto.so,libcrypto,libcrypto.so,4140603117ef5d00ea1de400f59f39583be16cbd1bbffbc0c17cfdd399d91d10,arm64-v8a,arm64,arm64-0033-4140603117ef,openssl,1.0.1g,asm,off,1,1,bench/bin/openssl-1.0.1g/asm/stripped/on/android_libcrypto_0033_4140603117ef_gcc_O2_arm64-0033-4140603117ef,unique-binaries/libcrypto/4140603117ef5d00ea1de400f59f39583be16cbd1bbffbc0c17cfdd399d91d10/libcrypto.so,libs/libcrypto/4140603117ef5d00ea1de400f59f39583be16cbd1bbffbc0c17cfdd399d91d10/libcrypto.so,stage2/cp/gpt55/version_same/openssl-1.0.1g/asm/openssl-1.0.1g__asm__stripped__on__gcc__O2__arm64-0033-4140603117ef__ref__openssl-1.0.1g__version_same.json,logs/stage2/gpt55/version_same/openssl-1.0.1g/asm/openssl-1.0.1g__asm__stripped__on__gcc__O2__arm64-0033-4140603117ef__ref__openssl-1.0.1g__version_same.log,trajectories/gpt55/version_same/openssl-1.0.1g/asm/openssl-1.0.1g__asm__stripped__on__gcc__O2__arm64-0033-4140603117ef__ref__openssl-1.0.1g__version_same,"Fast-path unique strings unavailable. Prioritized decompiled path did not expose asm-specific semantics: BN_div is only a wrapper that checks divisor errors and delegates to sub_2716B0, with no visible bn_div_3_words quotient-estimation helper; BN_MONT_CTX_set uses generic BN_div/BN_mod_inverse setup logic and no CPU/assembler dispatch or gather/scatter Montgomery fast path appeared before path exhaustion."
android,com.familydollar.apk,93746da86198b4ba6d8fb9533a39ed7ef953f46ee6689124b5b0f7509242f352,lib/arm64-v8a/libreactnativequickcrypto.so,libcrypto,libreactnativequickcrypto.so,44d947dfa03772f9c1a37e41e94c1874d8e9dbcf211bc1ed79891c526bb8e393,arm64-v8a,arm64,arm64-0034-44d947dfa037,openssl,1.0.1g,asm,on,1,1,bench/bin/openssl-1.0.1g/asm/stripped/on/android_libcrypto_0034_44d947dfa037_gcc_O2_arm64-0034-44d947dfa037,unique-binaries/libcrypto/44d947dfa03772f9c1a37e41e94c1874d8e9dbcf211bc1ed79891c526bb8e393/libreactnativequickcrypto.so,libs/libcrypto/44d947dfa03772f9c1a37e41e94c1874d8e9dbcf211bc1ed79891c526bb8e393/libreactnativequickcrypto.so,stage2/cp/gpt55/version_same/openssl-1.0.1g/asm/openssl-1.0.1g__asm__stripped__on__gcc__O2__arm64-0034-44d947dfa037__ref__openssl-1.0.1g__version_same.json,logs/stage2/gpt55/version_same/openssl-1.0.1g/asm/openssl-1.0.1g__asm__stripped__on__gcc__O2__arm64-0034-44d947dfa037__ref__openssl-1.0.1g__version_same.log,trajectories/gpt55/version_same/openssl-1.0.1g/asm/openssl-1.0.1g__asm__stripped__on__gcc__O2__arm64-0034-44d947dfa037__ref__openssl-1.0.1g__version_same,"Fallback decompiled path shows a CPU capability setup/dispatch routine: it maps input CPUID/HWCAP-style bits and AArch64 system registers (ID_AA64PFR0/1_EL1, ID_AA64ZFR0_EL1, ID_AA64ISAR0/1_EL1) into a global capability word qword_AE690, then sets the high initialized bit 0x8000000000000000. This is not an empty no-asm stub."
android,chat.fluffy.fluffychat.apk,bec827cf41d675cb3abbcd78f3b3dabfd802b7080b7d9879cd7dca13e71a21e9,lib/arm64-v8a/libwebcrypto.so,libcrypto,libwebcrypto.so,469578b71d7a7a28326fa1d9d3ecc3359717854fc37f51cefc0254ed2dc909a5,arm64-v8a,arm64,arm64-0035-469578b71d7a,openssl,1.0.1g,asm,off,1,1,bench/bin/openssl-1.0.1g/asm/stripped/on/android_libcrypto_0035_469578b71d7a_gcc_O2_arm64-0035-469578b71d7a,unique-binaries/libcrypto/469578b71d7a7a28326fa1d9d3ecc3359717854fc37f51cefc0254ed2dc909a5/libwebcrypto.so,libs/libcrypto/469578b71d7a7a28326fa1d9d3ecc3359717854fc37f51cefc0254ed2dc909a5/libwebcrypto.so,stage2/cp/gpt55/version_same/openssl-1.0.1g/asm/openssl-1.0.1g__asm__stripped__on__gcc__O2__arm64-0035-469578b71d7a__ref__openssl-1.0.1g__version_same.json,logs/stage2/gpt55/version_same/openssl-1.0.1g/asm/openssl-1.0.1g__asm__stripped__on__gcc__O2__arm64-0035-469578b71d7a__ref__openssl-1.0.1g__version_same.log,trajectories/gpt55/version_same/openssl-1.0.1g/asm/openssl-1.0.1g__asm__stripped__on__gcc__O2__arm64-0035-469578b71d7a__ref__openssl-1.0.1g__version_same,"Fast-path unique strings unavailable. Exhausted prioritized decompiled path; observed only generic/unrelated routines (memcmp thunk, object/cache cleanup/allocation, byte accessor, pthread rwlock wrapper) and no OPENSSL asm indicators such as CPUID setup, bn_div_3_words, or BN_mod_exp_mont_consttime gather5/scatter5 fast paths."
android,com.pnc.ecommerce.mobile.apk,0001b5ca5f7e9c211a6cd498dc62ef8c2fa4ead83f97272a42cbbddd177837ff,lib/arm64-v8a/libcrypto_1_1_1_w.so,libcrypto,libcrypto_1_1_1_w.so,47ef3e4b745b5b6d7100e8c56b0ed24263bbb2d8685486ad5134a8ecd18e4488,arm64-v8a,arm64,arm64-0036-47ef3e4b745b,openssl,1.0.1g,asm,off,1,1,bench/bin/openssl-1.0.1g/asm/stripped/on/android_libcrypto_0036_47ef3e4b745b_gcc_O2_arm64-0036-47ef3e4b745b,unique-binaries/libcrypto/47ef3e4b745b5b6d7100e8c56b0ed24263bbb2d8685486ad5134a8ecd18e4488/libcrypto_1_1_1_w.so,libs/libcrypto/47ef3e4b745b5b6d7100e8c56b0ed24263bbb2d8685486ad5134a8ecd18e4488/libcrypto_1_1_1_w.so,stage2/cp/gpt55/version_same/openssl-1.0.1g/asm/openssl-1.0.1g__asm__stripped__on__gcc__O2__arm64-0036-47ef3e4b745b__ref__openssl-1.0.1g__version_same.json,logs/stage2/gpt55/version_same/openssl-1.0.1g/asm/openssl-1.0.1g__asm__stripped__on__gcc__O2__arm64-0036-47ef3e4b745b__ref__openssl-1.0.1g__version_same.log,trajectories/gpt55/version_same/openssl-1.0.1g/asm/openssl-1.0.1g__asm__stripped__on__gcc__O2__arm64-0036-47ef3e4b745b__ref__openssl-1.0.1g__version_same,"Fast-path unique strings were unavailable. The prioritized decompiled path did not expose the expected asm-enabled semantics: BN_div only checks divide-by-zero/top-word errors then delegates to sub_138A00, with no visible bn_div_3_words quotient-estimation fast path; the other reviewed functions (BN_MONT_CTX_set, BN_mod_mul_montgomery wrapper, RAND_poll, RSA/X509 helpers) showed generic C-level control flow and no CPUID setup, OPENSSL_ia32cap handling, gather5/scatter5 Montgomery table helpers, or assembler CPU-dispatch logic."
android,dev.obfusk.jiten.apk,30f27ae4a32e62d3ec87b349802c52a6ce19636e78840cf0c8952a6ab30bf9b2,lib/arm64-v8a/libcrypto1.1.so,libcrypto,libcrypto1.1.so,499a19ace634cb43f487dd1e10aacde9eafb074ab636c9c0951c4b1701bfb245,arm64-v8a,arm64,arm64-0037-499a19ace634,openssl,1.0.1g,asm,off,1,1,bench/bin/openssl-1.0.1g/asm/stripped/on/android_libcrypto_0037_499a19ace634_gcc_O2_arm64-0037-499a19ace634,unique-binaries/libcrypto/499a19ace634cb43f487dd1e10aacde9eafb074ab636c9c0951c4b1701bfb245/libcrypto1.1.so,libs/libcrypto/499a19ace634cb43f487dd1e10aacde9eafb074ab636c9c0951c4b1701bfb245/libcrypto1.1.so,stage2/cp/gpt55/version_same/openssl-1.0.1g/asm/openssl-1.0.1g__asm__stripped__on__gcc__O2__arm64-0037-499a19ace634__ref__openssl-1.0.1g__version_same.json,logs/stage2/gpt55/version_same/openssl-1.0.1g/asm/openssl-1.0.1g__asm__stripped__on__gcc__O2__arm64-0037-499a19ace634__ref__openssl-1.0.1g__version_same.log,trajectories/gpt55/version_same/openssl-1.0.1g/asm/openssl-1.0.1g__asm__stripped__on__gcc__O2__arm64-0037-499a19ace634__ref__openssl-1.0.1g__version_same,"Fast-path unique strings unavailable. Prioritized decompiled path showed BN_div only validating the divisor then delegating to a generic helper, BN_MONT_CTX_set using ordinary BN_div/BN_mod_inverse setup, and portable table/bitwise arithmetic code; no observed CPUID setup, CPU-capability dispatch, bn_div_3_words assembler helper call, or BN_mod_exp_mont_consttime gather5/scatter5 Montgomery fast path."
android,com.generalcomp.sannce.apk,fa8256a05a3bd5ced7ab4556a5a1e10bc135fd5c92f5c79fb861b9146cdb6da9,lib/arm64-v8a/libcrypto.so,libcrypto,libcrypto.so,4b8f77213d4b4a21c1cdbef5d3ff13631241f82bf43c72303dbe8def41fb1187,arm64-v8a,arm64,arm64-0038-4b8f77213d4b,openssl,1.0.1g,asm,on,1,1,bench/bin/openssl-1.0.1g/asm/stripped/on/android_libcrypto_0038_4b8f77213d4b_gcc_O2_arm64-0038-4b8f77213d4b,unique-binaries/libcrypto/4b8f77213d4b4a21c1cdbef5d3ff13631241f82bf43c72303dbe8def41fb1187/libcrypto.so,libs/libcrypto/4b8f77213d4b4a21c1cdbef5d3ff13631241f82bf43c72303dbe8def41fb1187/libcrypto.so,stage2/cp/gpt55/version_same/openssl-1.0.1g/asm/openssl-1.0.1g__asm__stripped__on__gcc__O2__arm64-0038-4b8f77213d4b__ref__openssl-1.0.1g__version_same.json,logs/stage2/gpt55/version_same/openssl-1.0.1g/asm/openssl-1.0.1g__asm__stripped__on__gcc__O2__arm64-0038-4b8f77213d4b__ref__openssl-1.0.1g__version_same.log,trajectories/gpt55/version_same/openssl-1.0.1g/asm/openssl-1.0.1g__asm__stripped__on__gcc__O2__arm64-0038-4b8f77213d4b__ref__openssl-1.0.1g__version_same,"OPENSSL_cpuid_setup is a non-empty CPU capability initializer: it reads getenv(""OPENSSL_armcap""), populates OPENSSL_armcap_P, uses getauxval(AT_HWCAP) or signal-protected probe calls (armv7_neon_probe, armv8_aes_probe, armv8_pmull_probe, armv8_sha1_probe, armv8_sha256_probe) and sets capability bits. BN_mod_exp_mont_consttime also contains fixed-top Montgomery operations and a table selection helper path."
android,com.loudtalks.apk,04872e916d295e3867a5be9e4e814df1d36af90d1380c672ecfc8e686a6606cf,lib/arm64-v8a/libzello.openssl.so,libcrypto,libzello.openssl.so,525de7705b3dad59f7e8f4e2743622872b56326593307e6282550af4fc72402d,arm64-v8a,arm64,arm64-0043-525de7705b3d,openssl,1.0.1g,asm,off,1,1,bench/bin/openssl-1.0.1g/asm/stripped/on/android_libcrypto_0043_525de7705b3d_gcc_O2_arm64-0043-525de7705b3d,unique-binaries/libcrypto/525de7705b3dad59f7e8f4e2743622872b56326593307e6282550af4fc72402d/libzello.openssl.so,libs/libcrypto/525de7705b3dad59f7e8f4e2743622872b56326593307e6282550af4fc72402d/libzello.openssl.so,stage2/cp/gpt55/version_same/openssl-1.0.1g/asm/openssl-1.0.1g__asm__stripped__on__gcc__O2__arm64-0043-525de7705b3d__ref__openssl-1.0.1g__version_same.json,logs/stage2/gpt55/version_same/openssl-1.0.1g/asm/openssl-1.0.1g__asm__stripped__on__gcc__O2__arm64-0043-525de7705b3d__ref__openssl-1.0.1g__version_same.log,trajectories/gpt55/version_same/openssl-1.0.1g/asm/openssl-1.0.1g__asm__stripped__on__gcc__O2__arm64-0043-525de7705b3d__ref__openssl-1.0.1g__version_same,"Fast path was unavailable. The prioritized decompiled path only showed portable/generic C-style routines: limb comparison loops (sub_3E8CC and sub_3EB6C), zero initialization (sub_3E0B8), a table-pointer accessor, and cleanup logic. No CPU capability setup, OPENSSL_ia32cap parsing/CPUID helper, bn_div_3_words call, or Montgomery gather5/scatter5 fast-path calls were observed before PATH_EXHAUSTED."
android,com.freerdp.afreerdp.apk,d04335448f8d17965247b87dd871dc12f8050ed442774d630ac5b0b52b6a0673,lib/arm64-v8a/libcrypto.so,libcrypto,libcrypto.so,5e3597235d3d475eb22075ab4c1d5c5a50a5c07ae9421631d6cb8da5e6802abe,arm64-v8a,arm64,arm64-0045-5e3597235d3d,openssl,1.0.1g,asm,on,1,1,bench/bin/openssl-1.0.1g/asm/stripped/on/android_libcrypto_0045_5e3597235d3d_gcc_O2_arm64-0045-5e3597235d3d,unique-binaries/libcrypto/5e3597235d3d475eb22075ab4c1d5c5a50a5c07ae9421631d6cb8da5e6802abe/libcrypto.so,libs/libcrypto/5e3597235d3d475eb22075ab4c1d5c5a50a5c07ae9421631d6cb8da5e6802abe/libcrypto.so,stage2/cp/gpt55/version_same/openssl-1.0.1g/asm/openssl-1.0.1g__asm__stripped__on__gcc__O2__arm64-0045-5e3597235d3d__ref__openssl-1.0.1g__version_same.json,logs/stage2/gpt55/version_same/openssl-1.0.1g/asm/openssl-1.0.1g__asm__stripped__on__gcc__O2__arm64-0045-5e3597235d3d__ref__openssl-1.0.1g__version_same.log,trajectories/gpt55/version_same/openssl-1.0.1g/asm/openssl-1.0.1g__asm__stripped__on__gcc__O2__arm64-0045-5e3597235d3d__ref__openssl-1.0.1g__version_same,"Fast path unavailable. Prioritized decompiled path contains OpenSSL BN assembler fast paths: bn_mul_mont dispatches to _bn_sqr8x_mont when word count is divisible by 8 and to _bn_mul4x_mont when divisible by 4, otherwise executes Montgomery multiplication inline; BN_div wrapper calls bn_div_fixed_top after bn_div.c checks."
android,net.cozic.joplin.apk,063b99568a52be5768bf5942ab2b905b830233aeb9f0eac6e9b5a68013c9b3ab,lib/arm64-v8a/libreactnativequickcrypto.so,libcrypto,libreactnativequickcrypto.so,5f7f73991ea9a1e853bd8474ee383088e8ec1b9b605dff8bee9bcfcfb571058d,arm64-v8a,arm64,arm64-0046-5f7f73991ea9,openssl,1.0.1g,asm,on,1,1,bench/bin/openssl-1.0.1g/asm/stripped/on/android_libcrypto_0046_5f7f73991ea9_gcc_O2_arm64-0046-5f7f73991ea9,unique-binaries/libcrypto/5f7f73991ea9a1e853bd8474ee383088e8ec1b9b605dff8bee9bcfcfb571058d/libreactnativequickcrypto.so,libs/libcrypto/5f7f73991ea9a1e853bd8474ee383088e8ec1b9b605dff8bee9bcfcfb571058d/libreactnativequickcrypto.so,stage2/cp/gpt55/version_same/openssl-1.0.1g/asm/openssl-1.0.1g__asm__stripped__on__gcc__O2__arm64-0046-5f7f73991ea9__ref__openssl-1.0.1g__version_same.json,logs/stage2/gpt55/version_same/openssl-1.0.1g/asm/openssl-1.0.1g__asm__stripped__on__gcc__O2__arm64-0046-5f7f73991ea9__ref__openssl-1.0.1g__version_same.log,trajectories/gpt55/version_same/openssl-1.0.1g/asm/openssl-1.0.1g__asm__stripped__on__gcc__O2__arm64-0046-5f7f73991ea9__ref__openssl-1.0.1g__version_same,"Fallback path found a non-empty CPU capability setup/translation routine (sub_9AD48) that maps input feature bits and AArch64 system register probes into global capability word qword_AE828, including reads of ID_AA64PFR1_EL1, ID_AA64PFR0_EL1, ID_AA64ZFR0_EL1, ID_AA64ISAR0_EL1, and ID_AA64ISAR1_EL1, then marks qword_AE828 with 0x8000000000000000 as initialized."
android,com.gnethomelinux.midistrum.apk,dbf961e8b328247b0ec05b95d7ed2e5c65d148b424cda0c51e0936fd5d2ee2c8,lib/arm64-v8a/libcrypto1.1.so,libcrypto,libcrypto1.1.so,6825c20f81d1a015d310fe46054275ccf6946804dbf07302a7d01d0e98975f2b,arm64-v8a,arm64,arm64-0048-6825c20f81d1,openssl,1.0.1g,asm,on,1,1,bench/bin/openssl-1.0.1g/asm/stripped/on/android_libcrypto_0048_6825c20f81d1_gcc_O2_arm64-0048-6825c20f81d1,unique-binaries/libcrypto/6825c20f81d1a015d310fe46054275ccf6946804dbf07302a7d01d0e98975f2b/libcrypto1.1.so,libs/libcrypto/6825c20f81d1a015d310fe46054275ccf6946804dbf07302a7d01d0e98975f2b/libcrypto1.1.so,stage2/cp/gpt55/version_same/openssl-1.0.1g/asm/openssl-1.0.1g__asm__stripped__on__gcc__O2__arm64-0048-6825c20f81d1__ref__openssl-1.0.1g__version_same.json,logs/stage2/gpt55/version_same/openssl-1.0.1g/asm/openssl-1.0.1g__asm__stripped__on__gcc__O2__arm64-0048-6825c20f81d1__ref__openssl-1.0.1g__version_same.log,trajectories/gpt55/version_same/openssl-1.0.1g/asm/openssl-1.0.1g__asm__stripped__on__gcc__O2__arm64-0048-6825c20f81d1__ref__openssl-1.0.1g__version_same,"Fast-path disabled-ASM unique strings were absent. In the prioritized decompiled path, BN_div is a small wrapper that checks divisor validity/top limb and delegates the actual division to sub_15AFA0, rather than containing the portable C multiword division body; BN_mod_mul_montgomery similarly delegates Montgomery multiplication to sub_166D94 before fixing the result top."
android,net.gcompris.full.apk,bd20bef6f4b041fa2564630126d67b06edf69e98711f5f3ee07b098d99a32b2f,lib/arm64-v8a/libcrypto_3.so,libcrypto,libcrypto_3.so,6f75960c06110452e667a67f9257b01c85d310ca7606a8541b1b8dbf5fd7a3cc,arm64-v8a,arm64,arm64-0051-6f75960c0611,openssl,1.0.1g,asm,off,1,1,bench/bin/openssl-1.0.1g/asm/stripped/on/android_libcrypto_0051_6f75960c0611_gcc_O2_arm64-0051-6f75960c0611,unique-binaries/libcrypto/6f75960c06110452e667a67f9257b01c85d310ca7606a8541b1b8dbf5fd7a3cc/libcrypto_3.so,libs/libcrypto/6f75960c06110452e667a67f9257b01c85d310ca7606a8541b1b8dbf5fd7a3cc/libcrypto_3.so,stage2/cp/gpt55/version_same/openssl-1.0.1g/asm/openssl-1.0.1g__asm__stripped__on__gcc__O2__arm64-0051-6f75960c0611__ref__openssl-1.0.1g__version_same.json,logs/stage2/gpt55/version_same/openssl-1.0.1g/asm/openssl-1.0.1g__asm__stripped__on__gcc__O2__arm64-0051-6f75960c0611__ref__openssl-1.0.1g__version_same.log,trajectories/gpt55/version_same/openssl-1.0.1g/asm/openssl-1.0.1g__asm__stripped__on__gcc__O2__arm64-0051-6f75960c0611__ref__openssl-1.0.1g__version_same,"Fast-path unique strings were unavailable. In the explored prioritized decompiled path, BN_div only performs zero/error checks then delegates to a generic internal division routine; no visible bn_div_3_words assembler quotient-estimation call was observed. BN_MONT_CTX_set uses ordinary BN_div/BN arithmetic setup, and no CPUID/capability dispatch or gather5/scatter5 Montgomery asm fast path appeared before path exhaustion."
android,net.gcompris.full.apk,bd20bef6f4b041fa2564630126d67b06edf69e98711f5f3ee07b098d99a32b2f,lib/arm64-v8a/libplugins_tls_qopensslbackend_arm64-v8a.so,libcrypto,libplugins_tls_qopensslbackend_arm64-v8a.so,70a94b2c5e5574b4e2eb3db9b225bb1e27263e43fb01a36e4d73d7b90066d8f0,arm64-v8a,arm64,arm64-0052-70a94b2c5e55,openssl,1.0.1g,asm,off,1,1,bench/bin/openssl-1.0.1g/asm/stripped/on/android_libcrypto_0052_70a94b2c5e55_gcc_O2_arm64-0052-70a94b2c5e55,unique-binaries/libcrypto/70a94b2c5e5574b4e2eb3db9b225bb1e27263e43fb01a36e4d73d7b90066d8f0/libplugins_tls_qopensslbackend_arm64-v8a.so,libs/libcrypto/70a94b2c5e5574b4e2eb3db9b225bb1e27263e43fb01a36e4d73d7b90066d8f0/libplugins_tls_qopensslbackend_arm64-v8a.so,stage2/cp/gpt55/version_same/openssl-1.0.1g/asm/openssl-1.0.1g__asm__stripped__on__gcc__O2__arm64-0052-70a94b2c5e55__ref__openssl-1.0.1g__version_same.json,logs/stage2/gpt55/version_same/openssl-1.0.1g/asm/openssl-1.0.1g__asm__stripped__on__gcc__O2__arm64-0052-70a94b2c5e55__ref__openssl-1.0.1g__version_same.log,trajectories/gpt55/version_same/openssl-1.0.1g/asm/openssl-1.0.1g__asm__stripped__on__gcc__O2__arm64-0052-70a94b2c5e55__ref__openssl-1.0.1g__version_same,"Fast-path unique strings unavailable. The prioritized decompiled path was exhausted; observed functions were Qt SSL/authenticator/store/certificate handling and small generic helpers, with no OPENSSL_cpuid_setup getenv/CPUID capability initialization, no BN_mod_exp_mont_consttime window==5 gather5/scatter5 Montgomery fast path, and no BN_div call to bn_div_3_words."
android,com.ringapp.apk,31c06a9f09c76971e49fb182c29ec19a1b90f776d51bf2025d5f65db65934a83,lib/arm64-v8a/libcrypto.so,libcrypto,libcrypto.so,735acdef33ffa68df4a2e4b09d6dcf2a4b973e04be011a3f1b7e373b4182e8e7,arm64-v8a,arm64,arm64-0053-735acdef33ff,openssl,1.0.1g,asm,on,1,1,bench/bin/openssl-1.0.1g/asm/stripped/on/android_libcrypto_0053_735acdef33ff_gcc_O2_arm64-0053-735acdef33ff,unique-binaries/libcrypto/735acdef33ffa68df4a2e4b09d6dcf2a4b973e04be011a3f1b7e373b4182e8e7/libcrypto.so,libs/libcrypto/735acdef33ffa68df4a2e4b09d6dcf2a4b973e04be011a3f1b7e373b4182e8e7/libcrypto.so,stage2/cp/gpt55/version_same/openssl-1.0.1g/asm/openssl-1.0.1g__asm__stripped__on__gcc__O2__arm64-0053-735acdef33ff__ref__openssl-1.0.1g__version_same.json,logs/stage2/gpt55/version_same/openssl-1.0.1g/asm/openssl-1.0.1g__asm__stripped__on__gcc__O2__arm64-0053-735acdef33ff__ref__openssl-1.0.1g__version_same.log,trajectories/gpt55/version_same/openssl-1.0.1g/asm/openssl-1.0.1g__asm__stripped__on__gcc__O2__arm64-0053-735acdef33ff__ref__openssl-1.0.1g__version_same,"OPENSSL_cpuid_setup is a non-empty CPU capability initialization routine: it calls getauxval(AT_HWCAP=0x10), tests ARM hardware-capability bits, and sets OPENSSL_armcap_P flags (1, 4, 0x20, 8, 0x10, 0x40). BN_div shown uses portable bn_div_rem_words rather than a BN_DIV3W fast path, but the CPUID/armcap setup demonstrates platform capability dispatch support is compiled in."
android,fr.anuman.HomeDesign3D.apk,4d35fc684955378e0fa32a81ccf5e19066aa280cbd6889694c3da6df48315f46,lib/arm64-v8a/libcrypto_1_1.so,libcrypto,libcrypto_1_1.so,7767e21e851af129c31b3e3699c8019ce1f3f1c29913276863583399434d1579,arm64-v8a,arm64,arm64-0056-7767e21e851a,openssl,1.0.1g,asm,on,1,1,bench/bin/openssl-1.0.1g/asm/stripped/on/android_libcrypto_0056_7767e21e851a_gcc_O2_arm64-0056-7767e21e851a,unique-binaries/libcrypto/7767e21e851af129c31b3e3699c8019ce1f3f1c29913276863583399434d1579/libcrypto_1_1.so,libs/libcrypto/7767e21e851af129c31b3e3699c8019ce1f3f1c29913276863583399434d1579/libcrypto_1_1.so,stage2/cp/gpt55/version_same/openssl-1.0.1g/asm/openssl-1.0.1g__asm__stripped__on__gcc__O2__arm64-0056-7767e21e851a__ref__openssl-1.0.1g__version_same.json,logs/stage2/gpt55/version_same/openssl-1.0.1g/asm/openssl-1.0.1g__asm__stripped__on__gcc__O2__arm64-0056-7767e21e851a__ref__openssl-1.0.1g__version_same.log,trajectories/gpt55/version_same/openssl-1.0.1g/asm/openssl-1.0.1g__asm__stripped__on__gcc__O2__arm64-0056-7767e21e851a__ref__openssl-1.0.1g__version_same,"Fast-path disabled-only BN fallback strings were absent. In the prioritized decompiled path, exported BN_div is only a validation/cleanup wrapper and immediately delegates the division body to an internal low-level routine sub_AF9B0; BN_mod_mul_montgomery similarly delegates the Montgomery multiply body to sub_B9974. The path did not show the OPENSSL_NO_ASM portable BN division fallback logic or its diagnostic strings."
android,net.sourceforge.kid3.apk,4e94fce901f3932f2575202eb66a2075ffd852674dd2f2cf147154ad419fc391,lib/arm64-v8a/libcrypto_3.so,libcrypto,libcrypto_3.so,783ba12acc18927583d2bace851580e1b6dba4ee2a52a60bfcf6aeac0134b674,arm64-v8a,arm64,arm64-0057-783ba12acc18,openssl,1.0.1g,asm,off,1,1,bench/bin/openssl-1.0.1g/asm/stripped/on/android_libcrypto_0057_783ba12acc18_gcc_O2_arm64-0057-783ba12acc18,unique-binaries/libcrypto/783ba12acc18927583d2bace851580e1b6dba4ee2a52a60bfcf6aeac0134b674/libcrypto_3.so,libs/libcrypto/783ba12acc18927583d2bace851580e1b6dba4ee2a52a60bfcf6aeac0134b674/libcrypto_3.so,stage2/cp/gpt55/version_same/openssl-1.0.1g/asm/openssl-1.0.1g__asm__stripped__on__gcc__O2__arm64-0057-783ba12acc18__ref__openssl-1.0.1g__version_same.json,logs/stage2/gpt55/version_same/openssl-1.0.1g/asm/openssl-1.0.1g__asm__stripped__on__gcc__O2__arm64-0057-783ba12acc18__ref__openssl-1.0.1g__version_same.log,trajectories/gpt55/version_same/openssl-1.0.1g/asm/openssl-1.0.1g__asm__stripped__on__gcc__O2__arm64-0057-783ba12acc18__ref__openssl-1.0.1g__version_same,"Fast-path unique strings were unavailable. In the prioritized decompiled path, BN_div only performs generic zero/divisor checks then delegates to sub_1A0008 and cleanup; BN_mod_exp_mont_consttime only delegates to sub_1A17B8 and cleanup. The explored path did not expose the expected asm-enabled semantics such as a BN_div quotient loop calling bn_div_3_words or a window==5 Montgomery gather/scatter fast path."
android,com.getjobber.jobber.apk,ddc75bd568ed4eada0e47f627d5073d87834bb9378581e41f24337c74cbc4cb7,lib/arm64-v8a/libQuickCrypto.so,libcrypto,libQuickCrypto.so,7c2763dd8da293fd1a972e8ab3a76cd200af7fb0d69dcc514a777683b201888c,arm64-v8a,arm64,arm64-0058-7c2763dd8da2,openssl,1.0.1g,asm,off,1,1,bench/bin/openssl-1.0.1g/asm/stripped/on/android_libcrypto_0058_7c2763dd8da2_gcc_O2_arm64-0058-7c2763dd8da2,unique-binaries/libcrypto/7c2763dd8da293fd1a972e8ab3a76cd200af7fb0d69dcc514a777683b201888c/libQuickCrypto.so,libs/libcrypto/7c2763dd8da293fd1a972e8ab3a76cd200af7fb0d69dcc514a777683b201888c/libQuickCrypto.so,stage2/cp/gpt55/version_same/openssl-1.0.1g/asm/openssl-1.0.1g__asm__stripped__on__gcc__O2__arm64-0058-7c2763dd8da2__ref__openssl-1.0.1g__version_same.json,logs/stage2/gpt55/version_same/openssl-1.0.1g/asm/openssl-1.0.1g__asm__stripped__on__gcc__O2__arm64-0058-7c2763dd8da2__ref__openssl-1.0.1g__version_same.log,trajectories/gpt55/version_same/openssl-1.0.1g/asm/openssl-1.0.1g__asm__stripped__on__gcc__O2__arm64-0058-7c2763dd8da2__ref__openssl-1.0.1g__version_same,"Fast path unavailable: unique asm-off strings were not found. Fallback prioritized decompiled path was exhausted and showed only unrelated C++/JSI/std::string/shared_ptr functions; no OpenSSL CPUID setup, OPENSSL_ia32cap handling, BN_div bn_div_3_words call, or BN_mod_exp_mont_consttime gather5/scatter5 Montgomery fast path appeared."
android,com.cdyala.blazing.apk,f1b25c6eea115dcb9b7a3e9cc7835b652a4e324cf4554f486acef2194089e575,lib/arm64-v8a/libcrypto.so,libcrypto,libcrypto.so,8376e02e6d1613962fc98bfa9a65ec2fc0cc5b83cba84a155b8421c9209efb0e,arm64-v8a,arm64,arm64-0061-8376e02e6d16,openssl,1.0.1g,asm,off,4,4,bench/bin/openssl-1.0.1g/asm/stripped/on/android_libcrypto_0061_8376e02e6d16_gcc_O2_arm64-0061-8376e02e6d16,unique-binaries/libcrypto/8376e02e6d1613962fc98bfa9a65ec2fc0cc5b83cba84a155b8421c9209efb0e/libcrypto.so,libs/libcrypto/8376e02e6d1613962fc98bfa9a65ec2fc0cc5b83cba84a155b8421c9209efb0e/libcrypto.so,stage2/cp/gpt55/version_same/openssl-1.0.1g/asm/openssl-1.0.1g__asm__stripped__on__gcc__O2__arm64-0061-8376e02e6d16__ref__openssl-1.0.1g__version_same.json,logs/stage2/gpt55/version_same/openssl-1.0.1g/asm/openssl-1.0.1g__asm__stripped__on__gcc__O2__arm64-0061-8376e02e6d16__ref__openssl-1.0.1g__version_same.log,trajectories/gpt55/version_same/openssl-1.0.1g/asm/openssl-1.0.1g__asm__stripped__on__gcc__O2__arm64-0061-8376e02e6d16__ref__openssl-1.0.1g__version_same,"Fast-path strings unavailable. In BN_div, quotient estimation uses portable multiword arithmetic (_udivti3 plus _multi3 and adjustment loop) before multiply/subtract helpers, with no observed bn_div_3_words assembler-helper call. In BN_mod_exp_mont_consttime, the code selects windows 1/3/4/5/6 by exponent size and implements generic constant-time table copy/selection loops plus BN_mod_mul_montgomery calls; no specialized window==5 gather5/scatter5/bn_mul_mont_gather5 path was observed."
android,org.atalk.android.apk,99a62f9b6cbd7650fe8aa5ab1d5f6227a532b67cac1682ab2597ff79bf75a34e,lib/arm64-v8a/libjnopenssl.so,libcrypto,libjnopenssl.so,86bf2d03bb4b17d2f1554a83754d601c2c1f06d2d90e0c64d21395455779c1d3,arm64-v8a,arm64,arm64-0063-86bf2d03bb4b,openssl,1.0.1g,asm,on,1,1,bench/bin/openssl-1.0.1g/asm/stripped/on/android_libcrypto_0063_86bf2d03bb4b_gcc_O2_arm64-0063-86bf2d03bb4b,unique-binaries/libcrypto/86bf2d03bb4b17d2f1554a83754d601c2c1f06d2d90e0c64d21395455779c1d3/libjnopenssl.so,libs/libcrypto/86bf2d03bb4b17d2f1554a83754d601c2c1f06d2d90e0c64d21395455779c1d3/libjnopenssl.so,stage2/cp/gpt55/version_same/openssl-1.0.1g/asm/openssl-1.0.1g__asm__stripped__on__gcc__O2__arm64-0063-86bf2d03bb4b__ref__openssl-1.0.1g__version_same.json,logs/stage2/gpt55/version_same/openssl-1.0.1g/asm/openssl-1.0.1g__asm__stripped__on__gcc__O2__arm64-0063-86bf2d03bb4b__ref__openssl-1.0.1g__version_same.log,trajectories/gpt55/version_same/openssl-1.0.1g/asm/openssl-1.0.1g__asm__stripped__on__gcc__O2__arm64-0063-86bf2d03bb4b__ref__openssl-1.0.1g__version_same,"Prioritized path begins with binary function `bn_mul_mont`, an OpenSSL Montgomery multiplication helper normally supplied by architecture-specific assembler. Decompiled body exposes AArch64/NEON-style register/vector operations (x registers, q/d vector registers, int8x16_t/uint64x2_t operands) implementing low-level bignum Montgomery arithmetic rather than a portable C fallback."
android,com.wire.apk,e8873e217a25b9bc64d628c1d18f24de8eb8210bae0f6c05f6e1609ebfac8c68,lib/arm64-v8a/libcore_crypto_ffi.so,libcrypto,libcore_crypto_ffi.so,875166cdcfa6c573795c6acf2efe2420126f2913151cf0e456690d291bedf40b,arm64-v8a,arm64,arm64-0064-875166cdcfa6,openssl,1.0.1g,asm,missing,1,1,bench/bin/openssl-1.0.1g/asm/stripped/on/android_libcrypto_0064_875166cdcfa6_gcc_O2_arm64-0064-875166cdcfa6,unique-binaries/libcrypto/875166cdcfa6c573795c6acf2efe2420126f2913151cf0e456690d291bedf40b/libcore_crypto_ffi.so,libs/libcrypto/875166cdcfa6c573795c6acf2efe2420126f2913151cf0e456690d291bedf40b/libcore_crypto_ffi.so,,,,preprocessing timeout: no decompiled artifact / stage-2 workspace was produced
android,com.governikus.ausweisapp2.apk,1066f2fe03a170de740861dd3396a5227dbb4867802fe657e34b2120222e2a50,lib/arm64-v8a/libcrypto_arm64-v8a.so,libcrypto,libcrypto_arm64-v8a.so,8a3a9841ce7f52a6c198480d7e93c3b7b4e745e7009e4b0b7499fb54533e8335,arm64-v8a,arm64,arm64-0066-8a3a9841ce7f,openssl,1.0.1g,asm,off,1,1,bench/bin/openssl-1.0.1g/asm/stripped/on/android_libcrypto_0066_8a3a9841ce7f_gcc_O2_arm64-0066-8a3a9841ce7f,unique-binaries/libcrypto/8a3a9841ce7f52a6c198480d7e93c3b7b4e745e7009e4b0b7499fb54533e8335/libcrypto_arm64-v8a.so,libs/libcrypto/8a3a9841ce7f52a6c198480d7e93c3b7b4e745e7009e4b0b7499fb54533e8335/libcrypto_arm64-v8a.so,stage2/cp/gpt55/version_same/openssl-1.0.1g/asm/openssl-1.0.1g__asm__stripped__on__gcc__O2__arm64-0066-8a3a9841ce7f__ref__openssl-1.0.1g__version_same.json,logs/stage2/gpt55/version_same/openssl-1.0.1g/asm/openssl-1.0.1g__asm__stripped__on__gcc__O2__arm64-0066-8a3a9841ce7f__ref__openssl-1.0.1g__version_same.log,trajectories/gpt55/version_same/openssl-1.0.1g/asm/openssl-1.0.1g__asm__stripped__on__gcc__O2__arm64-0066-8a3a9841ce7f__ref__openssl-1.0.1g__version_same,"Fast-path strings were unavailable. Exhausted prioritized decompiled path showed only generic BN_MONT_CTX_set setup, a BN_div wrapper that validates divisor errors then delegates to sub_1DA4AC, and generic BN_mod_mul_montgomery delegation; no observed CPUID capability setup, bn_div_3_words quotient-estimation call, or BN_mod_exp_mont_consttime gather5/scatter5 window==5 assembler fast path."
android,com.karin.idTech4Amm.apk,b2b428d693830e58269f978ea119717c353678276f1f4774adddfcc32a42d6d3,lib/arm64-v8a/libcrypto_1_1.so,libcrypto,libcrypto_1_1.so,9084ebfb54e1375af06d60f9dd61954d13531b62af32da48b0675ae8c3d32e36,arm64-v8a,arm64,arm64-0067-9084ebfb54e1,openssl,1.0.1g,asm,off,1,1,bench/bin/openssl-1.0.1g/asm/stripped/on/android_libcrypto_0067_9084ebfb54e1_gcc_O2_arm64-0067-9084ebfb54e1,unique-binaries/libcrypto/9084ebfb54e1375af06d60f9dd61954d13531b62af32da48b0675ae8c3d32e36/libcrypto_1_1.so,libs/libcrypto/9084ebfb54e1375af06d60f9dd61954d13531b62af32da48b0675ae8c3d32e36/libcrypto_1_1.so,stage2/cp/gpt55/version_same/openssl-1.0.1g/asm/openssl-1.0.1g__asm__stripped__on__gcc__O2__arm64-0067-9084ebfb54e1__ref__openssl-1.0.1g__version_same.json,logs/stage2/gpt55/version_same/openssl-1.0.1g/asm/openssl-1.0.1g__asm__stripped__on__gcc__O2__arm64-0067-9084ebfb54e1__ref__openssl-1.0.1g__version_same.log,trajectories/gpt55/version_same/openssl-1.0.1g/asm/openssl-1.0.1g__asm__stripped__on__gcc__O2__arm64-0067-9084ebfb54e1__ref__openssl-1.0.1g__version_same,"Fast path unavailable. Decompiled path shows asm-related routines absent/stubbed: bn_mul_mont is a 4-line stub returning 0, and OPENSSL_cpuid_setup is an empty function. BN_mod_exp_mont_consttime uses generic bn_mul_mont_fixed_top/table-copy logic and a generic selector call, with no observed OPENSSL_BN_ASM_MONT5 window==5 gather/scatter helper calls."
android,tech.ula.apk,18e8d94bbd225f7892b31d6c9fc978e08a4b245be9a4831928b8aa3ea0678ec2,lib/arm64-v8a/lib_libcrypto.so.1.1.so,libcrypto,lib_libcrypto.so.1.1.so,90fb7567911d1521c34331726e351f02f7d78fc1b2ff2d4f8840071d438a747d,arm64-v8a,arm64,arm64-0068-90fb7567911d,openssl,1.0.1g,asm,on,1,1,bench/bin/openssl-1.0.1g/asm/stripped/on/android_libcrypto_0068_90fb7567911d_gcc_O2_arm64-0068-90fb7567911d,unique-binaries/libcrypto/90fb7567911d1521c34331726e351f02f7d78fc1b2ff2d4f8840071d438a747d/lib_libcrypto.so.1.1.so,libs/libcrypto/90fb7567911d1521c34331726e351f02f7d78fc1b2ff2d4f8840071d438a747d/lib_libcrypto.so.1.1.so,stage2/cp/gpt55/version_same/openssl-1.0.1g/asm/openssl-1.0.1g__asm__stripped__on__gcc__O2__arm64-0068-90fb7567911d__ref__openssl-1.0.1g__version_same.json,logs/stage2/gpt55/version_same/openssl-1.0.1g/asm/openssl-1.0.1g__asm__stripped__on__gcc__O2__arm64-0068-90fb7567911d__ref__openssl-1.0.1g__version_same.log,trajectories/gpt55/version_same/openssl-1.0.1g/asm/openssl-1.0.1g__asm__stripped__on__gcc__O2__arm64-0068-90fb7567911d__ref__openssl-1.0.1g__version_same,"FAST_PATH_UNAVAILABLE, but decompiled BN_div main quotient loop contains an external helper call `sub_9D7F0(*v42, *(v42 - 1), v36)` used to estimate the quotient word before the portable correction/multiply/subtract loop; this matches the BN_DIV3W/bn_div_3_words assembler fast path. BN_mod_exp_mont_consttime also contains constant-time table layout/gather calls (`sub_A1378`) during Montgomery exponentiation."
android,com.andreiapps.diesimu.apk,73fe26ef47dc5a16952145579252d8833bc8ed04d9abd46b8abb41a96d1462bb,lib/arm64-v8a/libcrypto1.1.so,libcrypto,libcrypto1.1.so,910a0407b2e8a9d098379a2f306ee3b0868462af6820cb417bba04c7d2b8aedb,arm64-v8a,arm64,arm64-0069-910a0407b2e8,openssl,1.0.1g,asm,off,1,1,bench/bin/openssl-1.0.1g/asm/stripped/on/android_libcrypto_0069_910a0407b2e8_gcc_O2_arm64-0069-910a0407b2e8,unique-binaries/libcrypto/910a0407b2e8a9d098379a2f306ee3b0868462af6820cb417bba04c7d2b8aedb/libcrypto1.1.so,libs/libcrypto/910a0407b2e8a9d098379a2f306ee3b0868462af6820cb417bba04c7d2b8aedb/libcrypto1.1.so,stage2/cp/gpt55/version_same/openssl-1.0.1g/asm/openssl-1.0.1g__asm__stripped__on__gcc__O2__arm64-0069-910a0407b2e8__ref__openssl-1.0.1g__version_same.json,logs/stage2/gpt55/version_same/openssl-1.0.1g/asm/openssl-1.0.1g__asm__stripped__on__gcc__O2__arm64-0069-910a0407b2e8__ref__openssl-1.0.1g__version_same.log,trajectories/gpt55/version_same/openssl-1.0.1g/asm/openssl-1.0.1g__asm__stripped__on__gcc__O2__arm64-0069-910a0407b2e8__ref__openssl-1.0.1g__version_same,"Fast-path unique strings unavailable. Prioritized decompiled path did not expose asm-specific semantics: BN_div only validates divisor and delegates to sub_15B29C, with no observed external bn_div_3_words quotient-estimation helper; BN_MONT_CTX_set uses portable BN arithmetic calls (BN_mod_inverse, BN_lshift, BN_div) for Montgomery setup; remaining windows are generic/base64 or portable table-based arithmetic, not assembler dispatch/capability paths."
android,video.like.apk,48832f992a06366385a94e8c3042b4ecf27f45cbe4834735d006596d8cbc6f41,lib/arm64-v8a/libopenssl.so,libcrypto,libopenssl.so,9e9d84289e80c87651a3b73949468c8733a13b23ba6a09ba5fc2a33ce3c73caa,arm64-v8a,arm64,arm64-0073-9e9d84289e80,openssl,1.0.1g,asm,off,1,1,bench/bin/openssl-1.0.1g/asm/stripped/on/android_libcrypto_0073_9e9d84289e80_gcc_O2_arm64-0073-9e9d84289e80,unique-binaries/libcrypto/9e9d84289e80c87651a3b73949468c8733a13b23ba6a09ba5fc2a33ce3c73caa/libopenssl.so,libs/libcrypto/9e9d84289e80c87651a3b73949468c8733a13b23ba6a09ba5fc2a33ce3c73caa/libopenssl.so,stage2/cp/gpt55/version_same/openssl-1.0.1g/asm/openssl-1.0.1g__asm__stripped__on__gcc__O2__arm64-0073-9e9d84289e80__ref__openssl-1.0.1g__version_same.json,logs/stage2/gpt55/version_same/openssl-1.0.1g/asm/openssl-1.0.1g__asm__stripped__on__gcc__O2__arm64-0073-9e9d84289e80__ref__openssl-1.0.1g__version_same.log,trajectories/gpt55/version_same/openssl-1.0.1g/asm/openssl-1.0.1g__asm__stripped__on__gcc__O2__arm64-0073-9e9d84289e80__ref__openssl-1.0.1g__version_same,"Fast-path unique strings were unavailable. The prioritized decompiled path was exhausted and only showed unrelated wrapper/tree lookup/SSL initialization routines; it did not expose OPENSSL_cpuid_setup behavior, BN_mod_exp_mont_consttime gather5/scatter5 Montgomery dispatch, or BN_div calling an assembler quotient helper such as bn_div_3_words."
android,com.microsoft.office.excel.apk,e3a02d3ed9f495b7ebec95ec7a8d5f62c8dc7bcd5e7474d41de29f0f8dfe1bae,lib/arm64-v8a/libcrypto.so,libcrypto,libcrypto.so,a689b734daa82108a29e391be06bedb671bc2dcf693ee1e56c77a1c73dd73dcd,arm64-v8a,arm64,arm64-0074-a689b734daa8,openssl,1.0.1g,asm,on,5,5,bench/bin/openssl-1.0.1g/asm/stripped/on/android_libcrypto_0074_a689b734daa8_gcc_O2_arm64-0074-a689b734daa8,unique-binaries/libcrypto/a689b734daa82108a29e391be06bedb671bc2dcf693ee1e56c77a1c73dd73dcd/libcrypto.so,libs/libcrypto/a689b734daa82108a29e391be06bedb671bc2dcf693ee1e56c77a1c73dd73dcd/libcrypto.so,stage2/cp/gpt55/version_same/openssl-1.0.1g/asm/openssl-1.0.1g__asm__stripped__on__gcc__O2__arm64-0074-a689b734daa8__ref__openssl-1.0.1g__version_same.json,logs/stage2/gpt55/version_same/openssl-1.0.1g/asm/openssl-1.0.1g__asm__stripped__on__gcc__O2__arm64-0074-a689b734daa8__ref__openssl-1.0.1g__version_same.log,trajectories/gpt55/version_same/openssl-1.0.1g/asm/openssl-1.0.1g__asm__stripped__on__gcc__O2__arm64-0074-a689b734daa8__ref__openssl-1.0.1g__version_same,"Fast path was unavailable. In the prioritized decompiled path, BN_mod_exp_mont_consttime builds a constant-time Montgomery exponentiation table, calls separate Montgomery conversion/multiply helpers (sub_1CEEBC and sub_1CE9A4), and uses an indexed table-selection helper sub_1C65EC during the exponent loop. BN_mod_mul_montgomery is just a thin wrapper around the same low-level Montgomery multiply helper sub_1CE9A4. A later prioritized low-level arithmetic routine (sub_20F260) is a large fixed-limb unrolled multiply/accumulate implementation using 64x64->128-bit products, consistent with platform-specific optimized big-number code rather than only generic high-level C fallback."
android,com.imprivata.imprivataid.apk,884fde1ffc9e1ade03e162b217454420939f38b19e0f188bd25882f204e6d1b7,lib/arm64-v8a/libcrypto.so,libcrypto,libcrypto.so,aaf6d9a2afc91429b57bdac6f73cf757db4630620cb85355d880f0fa57a56fa4,arm64-v8a,arm64,arm64-0078-aaf6d9a2afc9,openssl,1.0.1g,asm,on,1,1,bench/bin/openssl-1.0.1g/asm/stripped/on/android_libcrypto_0078_aaf6d9a2afc9_gcc_O2_arm64-0078-aaf6d9a2afc9,unique-binaries/libcrypto/aaf6d9a2afc91429b57bdac6f73cf757db4630620cb85355d880f0fa57a56fa4/libcrypto.so,libs/libcrypto/aaf6d9a2afc91429b57bdac6f73cf757db4630620cb85355d880f0fa57a56fa4/libcrypto.so,stage2/cp/gpt55/version_same/openssl-1.0.1g/asm/openssl-1.0.1g__asm__stripped__on__gcc__O2__arm64-0078-aaf6d9a2afc9__ref__openssl-1.0.1g__version_same.json,logs/stage2/gpt55/version_same/openssl-1.0.1g/asm/openssl-1.0.1g__asm__stripped__on__gcc__O2__arm64-0078-aaf6d9a2afc9__ref__openssl-1.0.1g__version_same.log,trajectories/gpt55/version_same/openssl-1.0.1g/asm/openssl-1.0.1g__asm__stripped__on__gcc__O2__arm64-0078-aaf6d9a2afc9__ref__openssl-1.0.1g__version_same,"Fast-path disabled unique strings for portable no-asm bn_sub_part_words diagnostics were absent. In the prioritized decompiled path, BN_div is only a front-end that validates divisor errors then delegates the core division work to sub_25DCF8; the no-asm portable C diagnostic/fallback implementation was not present in the explored path. BN_MONT_CTX_set also performs 64-bit Montgomery setup and calls BN_div rather than exposing a portable no-asm replacement body."
android,com.governikus.ausweisapp2.apk,1066f2fe03a170de740861dd3396a5227dbb4867802fe657e34b2120222e2a50,lib/arm64-v8a/libplugins_tls_qopensslbackend_arm64-v8a.so,libcrypto,libplugins_tls_qopensslbackend_arm64-v8a.so,abcbc53ecf73743fd8bf49ad70cc07c544323f4484487513d806db855b4db435,arm64-v8a,arm64,arm64-0079-abcbc53ecf73,openssl,1.0.1g,asm,off,1,1,bench/bin/openssl-1.0.1g/asm/stripped/on/android_libcrypto_0079_abcbc53ecf73_gcc_O2_arm64-0079-abcbc53ecf73,unique-binaries/libcrypto/abcbc53ecf73743fd8bf49ad70cc07c544323f4484487513d806db855b4db435/libplugins_tls_qopensslbackend_arm64-v8a.so,libs/libcrypto/abcbc53ecf73743fd8bf49ad70cc07c544323f4484487513d806db855b4db435/libplugins_tls_qopensslbackend_arm64-v8a.so,stage2/cp/gpt55/version_same/openssl-1.0.1g/asm/openssl-1.0.1g__asm__stripped__on__gcc__O2__arm64-0079-abcbc53ecf73__ref__openssl-1.0.1g__version_same.json,logs/stage2/gpt55/version_same/openssl-1.0.1g/asm/openssl-1.0.1g__asm__stripped__on__gcc__O2__arm64-0079-abcbc53ecf73__ref__openssl-1.0.1g__version_same.log,trajectories/gpt55/version_same/openssl-1.0.1g/asm/openssl-1.0.1g__asm__stripped__on__gcc__O2__arm64-0079-abcbc53ecf73__ref__openssl-1.0.1g__version_same,"Fast path unavailable; prioritized decompiled path was exhausted without any asm-specific OpenSSL semantics. Observed functions were Qt/QByteArray/QDebug helpers and generic BIO/X509 printing or container manipulation; no OPENSSL_cpuid_setup getenv/CPUID capability initialization, no BN_mod_exp_mont_consttime window==5 gather5/scatter5 path, and no BN_div bn_div_3_words fast path appeared."
android,net.sourceforge.kid3.apk,4e94fce901f3932f2575202eb66a2075ffd852674dd2f2cf147154ad419fc391,lib/arm64-v8a/libplugins_tls_qopensslbackend_arm64-v8a.so,libcrypto,libplugins_tls_qopensslbackend_arm64-v8a.so,adc32075e19471739ef23521be4d291b8979ac09c3abfc4343ab7ce01f88ccdf,arm64-v8a,arm64,arm64-0080-adc32075e194,openssl,1.0.1g,asm,off,1,1,bench/bin/openssl-1.0.1g/asm/stripped/on/android_libcrypto_0080_adc32075e194_gcc_O2_arm64-0080-adc32075e194,unique-binaries/libcrypto/adc32075e19471739ef23521be4d291b8979ac09c3abfc4343ab7ce01f88ccdf/libplugins_tls_qopensslbackend_arm64-v8a.so,libs/libcrypto/adc32075e19471739ef23521be4d291b8979ac09c3abfc4343ab7ce01f88ccdf/libplugins_tls_qopensslbackend_arm64-v8a.so,stage2/cp/gpt55/version_same/openssl-1.0.1g/asm/openssl-1.0.1g__asm__stripped__on__gcc__O2__arm64-0080-adc32075e194__ref__openssl-1.0.1g__version_same.json,logs/stage2/gpt55/version_same/openssl-1.0.1g/asm/openssl-1.0.1g__asm__stripped__on__gcc__O2__arm64-0080-adc32075e194__ref__openssl-1.0.1g__version_same.log,trajectories/gpt55/version_same/openssl-1.0.1g/asm/openssl-1.0.1g__asm__stripped__on__gcc__O2__arm64-0080-adc32075e194__ref__openssl-1.0.1g__version_same,"Fast-path unique strings were unavailable; prioritized decompiled path was exhausted without any OpenSSL asm indicators. Observed functions were unrelated small setters/wrappers, Qt-style atomic QArrayData deallocation, and generic array/string manipulation; no OPENSSL_cpuid_setup getenv/CPUID capability initialization, no BN_mod_exp_mont_consttime window==5 gather5/scatter5 path, and no BN_div call to bn_div_3_words appeared."
android,org.openttd.fdroid.apk,355cc302a892fa8c62459b6ae6d0f2940868b9fea5221f784f36f90677b34610,lib/arm64-v8a/libcrypto.so.sdl.1.so,libcrypto,libcrypto.so.sdl.1.so,b6171d4052a2f3b8b72a8ab4b3948d8e0bdaf9c55c8cb7492e65c82d77c511ea,arm64-v8a,arm64,arm64-0086-b6171d4052a2,openssl,1.0.1g,asm,off,1,1,bench/bin/openssl-1.0.1g/asm/stripped/on/android_libcrypto_0086_b6171d4052a2_gcc_O2_arm64-0086-b6171d4052a2,unique-binaries/libcrypto/b6171d4052a2f3b8b72a8ab4b3948d8e0bdaf9c55c8cb7492e65c82d77c511ea/libcrypto.so.sdl.1.so,libs/libcrypto/b6171d4052a2f3b8b72a8ab4b3948d8e0bdaf9c55c8cb7492e65c82d77c511ea/libcrypto.so.sdl.1.so,stage2/cp/gpt55/version_same/openssl-1.0.1g/asm/openssl-1.0.1g__asm__stripped__on__gcc__O2__arm64-0086-b6171d4052a2__ref__openssl-1.0.1g__version_same.json,logs/stage2/gpt55/version_same/openssl-1.0.1g/asm/openssl-1.0.1g__asm__stripped__on__gcc__O2__arm64-0086-b6171d4052a2__ref__openssl-1.0.1g__version_same.log,trajectories/gpt55/version_same/openssl-1.0.1g/asm/openssl-1.0.1g__asm__stripped__on__gcc__O2__arm64-0086-b6171d4052a2__ref__openssl-1.0.1g__version_same,"Fast-path unique strings were unavailable. In the prioritized decompiled path, visible BN/Montgomery-related code did not show assembler feature semantics: BN_div only performs generic validation/delegation, BN_MONT_CTX_set computes Montgomery parameters via BN_div/BN_set_bit/BN_mod_inverse, and the remaining visible code is portable C-style arithmetic/table operations; no CPUID setup, bn_div_3_words quotient helper, or gather5/scatter5 Montgomery dispatch was observed."
android,com.oceanwing.soundcore.apk,b4aefc4eee4545148edf29ca54dc30af9ef42a483930a390baa440cfa2edc119,lib/arm64-v8a/libcrypto-security.so,libcrypto,libcrypto-security.so,c21ce08ce3cd008b0a914700d1868dad8efbf245d93b8862e3a4a4b421b2f526,arm64-v8a,arm64,arm64-0088-c21ce08ce3cd,openssl,1.0.1g,asm,on,1,1,bench/bin/openssl-1.0.1g/asm/stripped/on/android_libcrypto_0088_c21ce08ce3cd_gcc_O2_arm64-0088-c21ce08ce3cd,unique-binaries/libcrypto/c21ce08ce3cd008b0a914700d1868dad8efbf245d93b8862e3a4a4b421b2f526/libcrypto-security.so,libs/libcrypto/c21ce08ce3cd008b0a914700d1868dad8efbf245d93b8862e3a4a4b421b2f526/libcrypto-security.so,stage2/cp/gpt55/version_same/openssl-1.0.1g/asm/openssl-1.0.1g__asm__stripped__on__gcc__O2__arm64-0088-c21ce08ce3cd__ref__openssl-1.0.1g__version_same.json,logs/stage2/gpt55/version_same/openssl-1.0.1g/asm/openssl-1.0.1g__asm__stripped__on__gcc__O2__arm64-0088-c21ce08ce3cd__ref__openssl-1.0.1g__version_same.log,trajectories/gpt55/version_same/openssl-1.0.1g/asm/openssl-1.0.1g__asm__stripped__on__gcc__O2__arm64-0088-c21ce08ce3cd__ref__openssl-1.0.1g__version_same,"OPENSSL_cpuid_setup is non-empty and performs ARM capability initialization: it reads getenv(""OPENSSL_armcap""), otherwise probes getauxval(AT_HWCAP), sets bits in dword_206B10, installs signal handling, calls _armv7_tick(), and records the tick capability bit. The prioritized path also includes assembler-style Montgomery symbol bn_mul_mont and wrapper BN_mod_mul_montgomery calling bn_mul_mont_fixed_top."
android,com.pnc.ecommerce.mobile.apk,0001b5ca5f7e9c211a6cd498dc62ef8c2fa4ead83f97272a42cbbddd177837ff,lib/arm64-v8a/libcrypto_v1.so,libcrypto,libcrypto_v1.so,c62bd8ce4880ee16bd7c3501d1537b8560347bd3aa896f49059fd0f1a13e43d4,arm64-v8a,arm64,arm64-0091-c62bd8ce4880,openssl,1.0.1g,asm,on,1,1,bench/bin/openssl-1.0.1g/asm/stripped/on/android_libcrypto_0091_c62bd8ce4880_gcc_O2_arm64-0091-c62bd8ce4880,unique-binaries/libcrypto/c62bd8ce4880ee16bd7c3501d1537b8560347bd3aa896f49059fd0f1a13e43d4/libcrypto_v1.so,libs/libcrypto/c62bd8ce4880ee16bd7c3501d1537b8560347bd3aa896f49059fd0f1a13e43d4/libcrypto_v1.so,stage2/cp/gpt55/version_same/openssl-1.0.1g/asm/openssl-1.0.1g__asm__stripped__on__gcc__O2__arm64-0091-c62bd8ce4880__ref__openssl-1.0.1g__version_same.json,logs/stage2/gpt55/version_same/openssl-1.0.1g/asm/openssl-1.0.1g__asm__stripped__on__gcc__O2__arm64-0091-c62bd8ce4880__ref__openssl-1.0.1g__version_same.log,trajectories/gpt55/version_same/openssl-1.0.1g/asm/openssl-1.0.1g__asm__stripped__on__gcc__O2__arm64-0091-c62bd8ce4880__ref__openssl-1.0.1g__version_same,"Prioritized path shows a compiled bn_mul_mont implementation with architecture-specific fast-path dispatch: when limb count a6 is divisible by 8 it returns _bn_sqr8x_mont(), and when divisible by 4 it returns _bn_mul4x_mont(), otherwise it executes a hand-optimized Montgomery multiplication loop using 64-bit limb arithmetic."
android,de.nucleus.foss_warn.apk,54bdd11183c6aad0410e5cd253e0d86efce06b9ebdd6c985e688935fdbd2c7d7,lib/arm64-v8a/libwebcrypto.so,libcrypto,libwebcrypto.so,c65b26ca5458a7020e53f6491f1f928d87c1a7954e539a109fc3f335f8fd9e4f,arm64-v8a,arm64,arm64-0092-c65b26ca5458,openssl,1.0.1g,asm,off,1,1,bench/bin/openssl-1.0.1g/asm/stripped/on/android_libcrypto_0092_c65b26ca5458_gcc_O2_arm64-0092-c65b26ca5458,unique-binaries/libcrypto/c65b26ca5458a7020e53f6491f1f928d87c1a7954e539a109fc3f335f8fd9e4f/libwebcrypto.so,libs/libcrypto/c65b26ca5458a7020e53f6491f1f928d87c1a7954e539a109fc3f335f8fd9e4f/libwebcrypto.so,stage2/cp/gpt55/version_same/openssl-1.0.1g/asm/openssl-1.0.1g__asm__stripped__on__gcc__O2__arm64-0092-c65b26ca5458__ref__openssl-1.0.1g__version_same.json,logs/stage2/gpt55/version_same/openssl-1.0.1g/asm/openssl-1.0.1g__asm__stripped__on__gcc__O2__arm64-0092-c65b26ca5458__ref__openssl-1.0.1g__version_same.log,trajectories/gpt55/version_same/openssl-1.0.1g/asm/openssl-1.0.1g__asm__stripped__on__gcc__O2__arm64-0092-c65b26ca5458__ref__openssl-1.0.1g__version_same,"Fast-path unique disabled strings were not decisive. Manual prioritized-path exploration reached PATH_EXHAUSTED without observing OPENSSL_cpuid_setup-style CPU capability initialization, BN_mod_exp_mont_consttime gather5/scatter5 Montgomery asm fast path, or BN_div calling an assembler quotient helper. Observed code was generic BoringSSL BN/EC/EVP logic and compiler-generated/vectorized operations, not the requested asm dispatch semantics."
android,com.imprivata.imprivataid.apk,884fde1ffc9e1ade03e162b217454420939f38b19e0f188bd25882f204e6d1b7,lib/arm64-v8a/libopensslwrapper.so,libcrypto,libopensslwrapper.so,ca45a308a955dac00c0c82b23e10d6d97438d09d6eaa03a32d9fc1191d9ff410,arm64-v8a,arm64,arm64-0094-ca45a308a955,openssl,1.0.1g,asm,off,1,1,bench/bin/openssl-1.0.1g/asm/stripped/on/android_libcrypto_0094_ca45a308a955_gcc_O2_arm64-0094-ca45a308a955,unique-binaries/libcrypto/ca45a308a955dac00c0c82b23e10d6d97438d09d6eaa03a32d9fc1191d9ff410/libopensslwrapper.so,libs/libcrypto/ca45a308a955dac00c0c82b23e10d6d97438d09d6eaa03a32d9fc1191d9ff410/libopensslwrapper.so,stage2/cp/gpt55/version_same/openssl-1.0.1g/asm/openssl-1.0.1g__asm__stripped__on__gcc__O2__arm64-0094-ca45a308a955__ref__openssl-1.0.1g__version_same.json,logs/stage2/gpt55/version_same/openssl-1.0.1g/asm/openssl-1.0.1g__asm__stripped__on__gcc__O2__arm64-0094-ca45a308a955__ref__openssl-1.0.1g__version_same.log,trajectories/gpt55/version_same/openssl-1.0.1g/asm/openssl-1.0.1g__asm__stripped__on__gcc__O2__arm64-0094-ca45a308a955__ref__openssl-1.0.1g__version_same,"Fast-path unique strings were unavailable; the entire prioritized decompiled path was exhausted and contained only JNI wrapper/logging and high-level OpenSSL API calls such as EVP_CIPHER_CTX_new, RAND_bytes, BIO_new_mem_buf, and RSA/EVP wrapper logic. No OPENSSL_cpuid_setup-style CPU capability initialization, OPENSSL_ia32cap parsing/storage, BN_mod_exp_mont_consttime gather5/scatter5 Montgomery fast path, or BN_div bn_div_3_words assembler helper call was observed."
android,net.aliasvault.app.apk,86c1a9169460f4f48a50425b6f2b1fb087f3ab1887f68e9754058d79a86e1831,lib/arm64-v8a/libcrypto.so,libcrypto,libcrypto.so,da06ab9b38e9e28d2f9ab0040d398ec076d981f3a309325971a978e6135b80b1,arm64-v8a,arm64,arm64-0103-da06ab9b38e9,openssl,1.0.1g,asm,on,3,3,bench/bin/openssl-1.0.1g/asm/stripped/on/android_libcrypto_0103_da06ab9b38e9_gcc_O2_arm64-0103-da06ab9b38e9,unique-binaries/libcrypto/da06ab9b38e9e28d2f9ab0040d398ec076d981f3a309325971a978e6135b80b1/libcrypto.so,libs/libcrypto/da06ab9b38e9e28d2f9ab0040d398ec076d981f3a309325971a978e6135b80b1/libcrypto.so,stage2/cp/gpt55/version_same/openssl-1.0.1g/asm/openssl-1.0.1g__asm__stripped__on__gcc__O2__arm64-0103-da06ab9b38e9__ref__openssl-1.0.1g__version_same.json,logs/stage2/gpt55/version_same/openssl-1.0.1g/asm/openssl-1.0.1g__asm__stripped__on__gcc__O2__arm64-0103-da06ab9b38e9__ref__openssl-1.0.1g__version_same.log,trajectories/gpt55/version_same/openssl-1.0.1g/asm/openssl-1.0.1g__asm__stripped__on__gcc__O2__arm64-0103-da06ab9b38e9__ref__openssl-1.0.1g__version_same,"Fast-path unique disabled/fallback strings were not found. In the prioritized decompiled path, a crypto arithmetic routine (sub_309B8C) operates directly on AArch64 SIMD/vector types and instructions (int64x2_t data, vceqq_s64/vzip/vuzp/vmovn/vmaxv sequences) for multi-limb field arithmetic rather than only scalar portable C; BN_div is also a thin wrapper dispatching into an internal optimized division implementation."
android,org.ledjlale.Nutrixious.apk,506cd8f187e26be4dbffdb12024843b9092c98e3c9b21b6a1483cf58836639fb,lib/arm64-v8a/libcrypto_3.so,libcrypto,libcrypto_3.so,ee2276186cba2251fd9b7b880f3dda1f2faf340bb670e9ba14fef95d65496752,arm64-v8a,arm64,arm64-0107-ee2276186cba,openssl,1.0.1g,asm,off,1,1,bench/bin/openssl-1.0.1g/asm/stripped/on/android_libcrypto_0107_ee2276186cba_gcc_O2_arm64-0107-ee2276186cba,unique-binaries/libcrypto/ee2276186cba2251fd9b7b880f3dda1f2faf340bb670e9ba14fef95d65496752/libcrypto_3.so,libs/libcrypto/ee2276186cba2251fd9b7b880f3dda1f2faf340bb670e9ba14fef95d65496752/libcrypto_3.so,stage2/cp/gpt55/version_same/openssl-1.0.1g/asm/openssl-1.0.1g__asm__stripped__on__gcc__O2__arm64-0107-ee2276186cba__ref__openssl-1.0.1g__version_same.json,logs/stage2/gpt55/version_same/openssl-1.0.1g/asm/openssl-1.0.1g__asm__stripped__on__gcc__O2__arm64-0107-ee2276186cba__ref__openssl-1.0.1g__version_same.log,trajectories/gpt55/version_same/openssl-1.0.1g/asm/openssl-1.0.1g__asm__stripped__on__gcc__O2__arm64-0107-ee2276186cba__ref__openssl-1.0.1g__version_same,"Fast-path unique strings were unavailable. In BN_mod_exp_mont_consttime, the decompiled path uses the portable constant-time Montgomery table layout: window size is selected generically (v20 up to 6), a power buffer is allocated/zeroed, table entries are copied with explicit loops, and table selection is done via sub_F4DF4 plus sub_FCC4C multiplication. No asm-specific OPENSSL_BN_ASM_MONT5 behavior is visible: no window==6-to-5 adjustment and no bn_mul_mont_gather5/bn_scatter5/bn_gather5 helper calls/references. The exposed BN_div body is only validation plus delegation and does not show a bn_div_3_words asm quotient-estimation call."
android,com.gitlab.schaerphix_tool_nideau.nideau.apk,d135d46e016833d8779ce56f2836dcae07e6226c2f72f24d24f40e8e7bae11e5,lib/arm64-v8a/libcrypto1.1.so,libcrypto,libcrypto1.1.so,f2dd3bb4175fe96d1f0caa73a7a9e265fc53e96eca4bfe4441a79bac32fdd19e,arm64-v8a,arm64,arm64-0108-f2dd3bb4175f,openssl,1.0.1g,asm,off,1,1,bench/bin/openssl-1.0.1g/asm/stripped/on/android_libcrypto_0108_f2dd3bb4175f_gcc_O2_arm64-0108-f2dd3bb4175f,unique-binaries/libcrypto/f2dd3bb4175fe96d1f0caa73a7a9e265fc53e96eca4bfe4441a79bac32fdd19e/libcrypto1.1.so,libs/libcrypto/f2dd3bb4175fe96d1f0caa73a7a9e265fc53e96eca4bfe4441a79bac32fdd19e/libcrypto1.1.so,stage2/cp/gpt55/version_same/openssl-1.0.1g/asm/openssl-1.0.1g__asm__stripped__on__gcc__O2__arm64-0108-f2dd3bb4175f__ref__openssl-1.0.1g__version_same.json,logs/stage2/gpt55/version_same/openssl-1.0.1g/asm/openssl-1.0.1g__asm__stripped__on__gcc__O2__arm64-0108-f2dd3bb4175f__ref__openssl-1.0.1g__version_same.log,trajectories/gpt55/version_same/openssl-1.0.1g/asm/openssl-1.0.1g__asm__stripped__on__gcc__O2__arm64-0108-f2dd3bb4175f__ref__openssl-1.0.1g__version_same,"Fast-path unique strings were unavailable. Prioritized decompiled path did not show the asm-specific OpenSSL semantics: BN_div only validates divisor/nonzero top word then delegates to sub_15B29C, with no visible bn_div_3_words quotient-estimation fast path; other inspected BN/RAND/EVP/GF functions showed generic C/control logic and no CPUID setup, gather5/scatter5 Montgomery helpers, or CPU dispatch."
android,com.getjobber.jobber.apk,ddc75bd568ed4eada0e47f627d5073d87834bb9378581e41f24337c74cbc4cb7,lib/arm64-v8a/libcrypto.so,libcrypto,libcrypto.so,f4c01725bea6b144b8c707b411d822c6e48f35fce7aef8c4e2aa2902a94bb938,arm64-v8a,arm64,arm64-0109-f4c01725bea6,openssl,1.0.1g,asm,off,1,1,bench/bin/openssl-1.0.1g/asm/stripped/on/android_libcrypto_0109_f4c01725bea6_gcc_O2_arm64-0109-f4c01725bea6,unique-binaries/libcrypto/f4c01725bea6b144b8c707b411d822c6e48f35fce7aef8c4e2aa2902a94bb938/libcrypto.so,libs/libcrypto/f4c01725bea6b144b8c707b411d822c6e48f35fce7aef8c4e2aa2902a94bb938/libcrypto.so,stage2/cp/gpt55/version_same/openssl-1.0.1g/asm/openssl-1.0.1g__asm__stripped__on__gcc__O2__arm64-0109-f4c01725bea6__ref__openssl-1.0.1g__version_same.json,logs/stage2/gpt55/version_same/openssl-1.0.1g/asm/openssl-1.0.1g__asm__stripped__on__gcc__O2__arm64-0109-f4c01725bea6__ref__openssl-1.0.1g__version_same.log,trajectories/gpt55/version_same/openssl-1.0.1g/asm/openssl-1.0.1g__asm__stripped__on__gcc__O2__arm64-0109-f4c01725bea6__ref__openssl-1.0.1g__version_same,"Fast-path unique-string check was unavailable. In the prioritized decompiled path, BN_div only checks divisor validity and delegates to sub_2F0410, with no visible bn_div_3_words assembler quotient-estimation call; BN_MONT_CTX_set shows generic Montgomery setup using BN_mod_inverse, BN_lshift, BN_div, BN_set_bit, etc., and no CPU/asm dispatch or gather5/scatter5 Montgomery fast-path helpers were observed before PATH_EXHAUSTED."
android,org.maoist2009.tlsfragment.apk,cb50e5b1994346807e786bf1d59c59b32e4bf9ab1aa0b6c9bf172bf88e2d874e,lib/arm64-v8a/libcrypto1.1.so,libcrypto,libcrypto1.1.so,f4f1913f505d05bde2d576d9a549ed2c087861bfc8031e8d580b99aa92937b48,arm64-v8a,arm64,arm64-0110-f4f1913f505d,openssl,1.0.1g,asm,off,1,1,bench/bin/openssl-1.0.1g/asm/stripped/on/android_libcrypto_0110_f4f1913f505d_gcc_O2_arm64-0110-f4f1913f505d,unique-binaries/libcrypto/f4f1913f505d05bde2d576d9a549ed2c087861bfc8031e8d580b99aa92937b48/libcrypto1.1.so,libs/libcrypto/f4f1913f505d05bde2d576d9a549ed2c087861bfc8031e8d580b99aa92937b48/libcrypto1.1.so,stage2/cp/gpt55/version_same/openssl-1.0.1g/asm/openssl-1.0.1g__asm__stripped__on__gcc__O2__arm64-0110-f4f1913f505d__ref__openssl-1.0.1g__version_same.json,logs/stage2/gpt55/version_same/openssl-1.0.1g/asm/openssl-1.0.1g__asm__stripped__on__gcc__O2__arm64-0110-f4f1913f505d__ref__openssl-1.0.1g__version_same.log,trajectories/gpt55/version_same/openssl-1.0.1g/asm/openssl-1.0.1g__asm__stripped__on__gcc__O2__arm64-0110-f4f1913f505d__ref__openssl-1.0.1g__version_same,"Fast-path strings were unavailable. In the prioritized decompiled path, the visible BN_div entry only validates the divisor and delegates to sub_15AFB0, with no observed bn_div_3_words assembler quotient-estimation call. BN_MONT_CTX_set shows generic Montgomery setup using BN_mod_inverse/BN_div, and the remaining explored functions are unrelated base64/BIO, malloc, or MDC2 wrappers; no CPUID setup, assembler helper dispatch, gather5/scatter5, or other asm-specific fast path was observed."
android,dev.obfusk.sokobang.apk,0c9d41b451aebb3fbf5c45052c3d5f4a478173b2742f3b20ac40e37d73296d2e,lib/arm64-v8a/libcrypto1.1.so,libcrypto,libcrypto1.1.so,f8a9a6ef06881f133bf9964a601c8234e8ccda54f85c7f124c19d392dd3430cf,arm64-v8a,arm64,arm64-0114-f8a9a6ef0688,openssl,1.0.1g,asm,off,1,1,bench/bin/openssl-1.0.1g/asm/stripped/on/android_libcrypto_0114_f8a9a6ef0688_gcc_O2_arm64-0114-f8a9a6ef0688,unique-binaries/libcrypto/f8a9a6ef06881f133bf9964a601c8234e8ccda54f85c7f124c19d392dd3430cf/libcrypto1.1.so,libs/libcrypto/f8a9a6ef06881f133bf9964a601c8234e8ccda54f85c7f124c19d392dd3430cf/libcrypto1.1.so,stage2/cp/gpt55/version_same/openssl-1.0.1g/asm/openssl-1.0.1g__asm__stripped__on__gcc__O2__arm64-0114-f8a9a6ef0688__ref__openssl-1.0.1g__version_same.json,logs/stage2/gpt55/version_same/openssl-1.0.1g/asm/openssl-1.0.1g__asm__stripped__on__gcc__O2__arm64-0114-f8a9a6ef0688__ref__openssl-1.0.1g__version_same.log,trajectories/gpt55/version_same/openssl-1.0.1g/asm/openssl-1.0.1g__asm__stripped__on__gcc__O2__arm64-0114-f8a9a6ef0688__ref__openssl-1.0.1g__version_same,"Fast-path unique strings were unavailable; prioritized decompiled path shows BN_mod_exp_mont_consttime using the portable constant-time prebuffer path: it computes window v39 (1..6), allocates/zeros a table, stores/gathers via sub_1194D0/sub_119654 with v39 as a variable, and performs Montgomery multiplication via generic sub_121D34 after gathering. There is no OPENSSL_BN_ASM_MONT5-specific window==5 branch, no window==6-to-5 adjustment, and no fused bn_mul_mont_gather5-style call. BN_div only exposes a wrapper into sub_1173BC, with no visible bn_div_3_words assembler helper evidence in the prioritized path."
android,com.governikus.ausweisapp2.apk,b2e4e4f50520912a40b110cf38f6e6b0757cbeb50e22d9d065b2068763435fe2,lib/arm64-v8a/libplugins_tls_qopensslbackend_arm64-v8a.so,libcrypto,libplugins_tls_qopensslbackend_arm64-v8a.so,fc179f5e3b9245a4cde98736b68c3b5b6d8761b7367ccbad4fc19c42dac75427,arm64-v8a,arm64,arm64-0116-fc179f5e3b92,openssl,1.0.1g,asm,off,1,1,bench/bin/openssl-1.0.1g/asm/stripped/on/android_libcrypto_0116_fc179f5e3b92_gcc_O2_arm64-0116-fc179f5e3b92,unique-binaries/libcrypto/fc179f5e3b9245a4cde98736b68c3b5b6d8761b7367ccbad4fc19c42dac75427/libplugins_tls_qopensslbackend_arm64-v8a.so,libs/libcrypto/fc179f5e3b9245a4cde98736b68c3b5b6d8761b7367ccbad4fc19c42dac75427/libplugins_tls_qopensslbackend_arm64-v8a.so,stage2/cp/gpt55/version_same/openssl-1.0.1g/asm/openssl-1.0.1g__asm__stripped__on__gcc__O2__arm64-0116-fc179f5e3b92__ref__openssl-1.0.1g__version_same.json,logs/stage2/gpt55/version_same/openssl-1.0.1g/asm/openssl-1.0.1g__asm__stripped__on__gcc__O2__arm64-0116-fc179f5e3b92__ref__openssl-1.0.1g__version_same.log,trajectories/gpt55/version_same/openssl-1.0.1g/asm/openssl-1.0.1g__asm__stripped__on__gcc__O2__arm64-0116-fc179f5e3b92__ref__openssl-1.0.1g__version_same,"Fast-path strings were unavailable; the entire prioritized decompiled path was exhausted and showed only unrelated Qt/QByteArray/X509/BIO wrapper logic and generic container helpers, with no OPENSSL_cpuid_setup behavior, no BN_div call to bn_div_3_words, and no BN_mod_exp_mont_consttime gather5/scatter5 Montgomery fast path."
